lon,lat,elev,time
-74.0783081055,4.6509594917,2604,11:21:04
-74.0782623291,4.6510548592,2594,11:21:06
-74.0782165527,4.6512036324,2572,11:21:14
-74.0781860352,4.651330471,2565,11:21:18
-74.0781784058,4.6514558792,2566,11:21:24
-74.0781784058,4.6514558792,2566,11:21:26
-74.0781784058,4.6514558792,2566,11:21:28
-74.0781555176,4.6517424583,2567,11:21:34
-74.0781402588,4.6518387794,2567,11:21:38
-74.0781402588,4.6518387794,2567,11:21:40
-74.0781402588,4.6518387794,2567,11:21:42
-74.0781402588,4.6518387794,2567,11:21:44
-74.0781402588,4.6518387794,2567,11:21:46
-74.0781402588,4.6518387794,2567,11:21:48
-74.0781402588,4.6518387794,2567,11:21:50
-74.0781402588,4.6518387794,2567,11:21:52
-74.0781402588,4.6518387794,2567,11:21:54
-74.0781402588,4.6518387794,2567,11:21:56
-74.0781402588,4.6518387794,2567,11:21:58
-74.0781402588,4.6518387794,2567,11:22:00
-74.0781402588,4.6518387794,2567,11:22:02
-74.0781402588,4.6518387794,2567,11:22:04
-74.0781402588,4.6518387794,2567,11:22:06
-74.0781402588,4.6518387794,2567,11:22:08
-74.0781402588,4.6518387794,2567,11:22:10
-74.0781402588,4.6518387794,2567,11:22:12
-74.0781402588,4.6518387794,2567,11:22:14
-74.0781402588,4.6518387794,2567,11:22:16
-74.0781402588,4.6518387794,2567,11:22:18
-74.0781402588,4.6518387794,2567,11:22:20
-74.0781402588,4.6518387794,2567,11:22:22
-74.0781402588,4.6518387794,2567,11:22:24
-74.0781402588,4.6518387794,2567,11:22:26
-74.0781402588,4.6518387794,2567,11:22:28
-74.0781402588,4.6518387794,2567,11:22:30
-74.0781402588,4.6518387794,2567,11:22:32
-74.0781402588,4.6518387794,2567,11:22:34
-74.0785064697,4.6518673897,2567,11:22:38
-74.0786972046,4.6519007683,2567,11:22:40
-74.0788040161,4.6519322395,2567,11:22:42
-74.0788497925,4.6519589424,2567,11:22:44
-74.0788497925,4.6519589424,2567,11:22:54
-74.0788497925,4.6519589424,2567,11:22:56
-74.0788497925,4.6519589424,2567,11:22:58
-74.0788497925,4.6519589424,2567,11:23:02
-74.0788497925,4.6519589424,2567,11:23:04
-74.0790481567,4.6521253586,2567,11:23:07
-74.0791778564,4.6522216797,2567,11:23:09
-74.0792694092,4.6522841454,2568,11:23:11
-74.0793457031,4.6523275375,2568,11:23:13
-74.0794143677,4.6523590088,2568,11:23:15
-74.0795440674,4.6524004936,2568,11:23:17
-74.0797119141,4.6524171829,2569,11:23:23
-74.0798187256,4.6524338722,2570,11:23:27
-74.0799789429,4.6524529457,2571,11:23:32
-74.0799789429,4.6524529457,2571,11:23:34
-74.0799789429,4.6524529457,2571,11:23:37
-74.0799789429,4.6524529457,2571,11:23:40
-74.0799789429,4.6524529457,2571,11:23:42
-74.0799789429,4.6524529457,2571,11:23:44
-74.0803833008,4.6524853706,2574,11:23:48
-74.0804901123,4.6524939537,2574,11:23:52
-74.0806045532,4.6525015831,2574,11:23:56
-74.0807495117,4.6525335312,2574,11:24:00
-74.0807495117,4.6525335312,2574,11:24:03
-74.0807495117,4.6525335312,2574,11:24:05
-74.0807495117,4.6525335312,2574,11:24:07
-74.0807495117,4.6525335312,2574,11:24:09
-74.0807495117,4.6525335312,2574,11:24:11
-74.0807495117,4.6525335312,2574,11:24:13
-74.0807495117,4.6525335312,2574,11:24:15
-74.0807495117,4.6525335312,2574,11:24:17
-74.0811538696,4.6526913643,2575,11:24:23
-74.0813140869,4.6527175903,2576,11:24:29
-74.081413269,4.6527400017,2576,11:24:33
-74.081413269,4.6527400017,2576,11:24:37
-74.081413269,4.6527400017,2576,11:24:39
-74.081413269,4.6527400017,2576,11:24:41
-74.081413269,4.6527400017,2576,11:24:43
-74.081413269,4.6527400017,2576,11:24:45
-74.081413269,4.6527400017,2576,11:24:47
-74.081413269,4.6527400017,2576,11:24:49
-74.081413269,4.6527400017,2576,11:24:51
-74.081413269,4.6527400017,2576,11:24:53
-74.081413269,4.6527400017,2576,11:24:55
-74.081413269,4.6527400017,2576,11:24:57
-74.081413269,4.6527400017,2576,11:24:59
-74.0817565918,4.6528153419,2575,11:25:03
-74.0819473267,4.6528601646,2575,11:25:05
-74.0820617676,4.6528930664,2575,11:25:07
-74.0821609497,4.6529211998,2575,11:25:09
-74.0822296143,4.6529426575,2575,11:25:11
-74.082359314,4.6529898643,2575,11:25:13
-74.082359314,4.6529898643,2575,11:25:15
-74.082359314,4.6529898643,2575,11:25:18
-74.082359314,4.6529898643,2575,11:25:20
-74.082359314,4.6529898643,2575,11:25:22
-74.082359314,4.6529898643,2575,11:25:24
-74.082359314,4.6529898643,2575,11:25:26
-74.082359314,4.6529898643,2575,11:25:28
-74.082359314,4.6529898643,2575,11:25:30
-74.082359314,4.6529898643,2575,11:25:32
-74.0823440552,4.6533141136,2578,11:25:41
-74.0823440552,4.6533141136,2578,11:25:43
-74.0823440552,4.6533141136,2578,11:25:45
-74.0823440552,4.6533141136,2578,11:25:47
-74.0822143555,4.6533756256,2577,11:25:50
-74.0821075439,4.6534132957,2577,11:25:54
-74.0820159912,4.6534371376,2576,11:25:58
-74.0818862915,4.6534409523,2575,11:26:04
-74.0817947388,4.6534309387,2574,11:26:08
-74.0814743042,4.6533670425,2573,11:26:22
-74.0813751221,4.6533641815,2573,11:26:25
-74.0812454224,4.6533823013,2572,11:26:30
-74.0811309814,4.653424263,2572,11:26:36
-74.0810775757,4.6534929276,2572,11:26:39
-74.0810775757,4.6534929276,2572,11:26:41
-74.0810775757,4.6534929276,2572,11:26:43
-74.0810775757,4.6534929276,2572,11:26:45
-74.0810470581,4.6536593437,2571,11:26:47
-74.0810089111,4.6536903381,2570,11:26:53
-74.0809631348,4.6537194252,2570,11:26:55
-74.0809631348,4.6537194252,2570,11:26:57
-74.0809631348,4.6537194252,2570,11:26:59
-74.0809631348,4.6537194252,2570,11:27:01
-74.0809631348,4.6537194252,2570,11:27:03
-74.0808105469,4.6538476944,2568,11:27:09
-74.0807113647,4.6539244652,2567,11:27:11
-74.0806503296,4.6539874077,2567,11:27:13
-74.0806045532,4.6540474892,2567,11:27:15
-74.0805664063,4.6541013718,2567,11:27:17
-74.0804977417,4.6542034149,2567,11:27:19
-74.0804443359,4.6543087959,2567,11:27:23
-74.0803833008,4.6543979645,2567,11:27:27
-74.080329895,4.6544647217,2568,11:27:31
-74.080329895,4.6544647217,2568,11:27:33
-74.080329895,4.6544647217,2568,11:27:35
-74.080329895,4.6544647217,2568,11:27:37
-74.080329895,4.6544647217,2568,11:27:39
-74.0801620483,4.6547193527,2568,11:27:43
-74.080116272,4.6548337936,2568,11:27:47
-74.0800704956,4.6549134254,2569,11:27:51
-74.0800704956,4.6549134254,2569,11:27:53
-74.0800704956,4.6549134254,2569,11:27:55
-74.0800704956,4.6549134254,2569,11:27:57
-74.0800704956,4.6549134254,2569,11:27:59
-74.0799407959,4.6552295685,2569,11:28:05
-74.0799026489,4.6553087234,2569,11:28:09
-74.0799026489,4.6553087234,2569,11:28:11
-74.0799026489,4.6553087234,2569,11:28:13
-74.0799026489,4.6553087234,2569,11:28:15
-74.0799026489,4.6553087234,2569,11:28:17
-74.0797653198,4.6556386948,2567,11:28:23
-74.0797271729,4.6557478905,2567,11:28:27
-74.0796890259,4.6558394432,2566,11:28:31
-74.0796585083,4.6559343338,2566,11:28:35
-74.0796585083,4.6559343338,2566,11:28:37
-74.0796585083,4.6559343338,2566,11:28:39
-74.0796585083,4.6559343338,2566,11:28:41
-74.0796585083,4.6559343338,2566,11:28:43
-74.0796585083,4.6559343338,2566,11:28:45
-74.0796203613,4.6561055183,2565,11:28:49
-74.0795898438,4.6562151909,2565,11:28:51
-74.0795593262,4.6562914848,2565,11:28:53
-74.0795288086,4.656355381,2565,11:28:55
-74.079498291,4.6564087868,2565,11:28:57
-74.0794372559,4.6564903259,2565,11:28:59
-74.0794372559,4.6564903259,2565,11:29:01
-74.0794372559,4.6564903259,2565,11:29:03
-74.0794372559,4.6564903259,2565,11:29:05
-74.0794372559,4.6564903259,2565,11:29:07
-74.0792922974,4.6567850113,2566,11:29:11
-74.0792312622,4.6568808556,2566,11:29:15
-74.0792312622,4.6568808556,2566,11:29:17
-74.0791854858,4.6569719315,2566,11:29:19
-74.0791397095,4.6570653915,2566,11:29:23
-74.0791397095,4.6570653915,2566,11:29:27
-74.0791397095,4.6570653915,2566,11:29:29
-74.0791397095,4.6570653915,2566,11:29:31
-74.0791397095,4.6570653915,2566,11:29:33
-74.0791397095,4.6570653915,2566,11:29:35
-74.0791397095,4.6570653915,2566,11:29:37
-74.0791397095,4.6570653915,2566,11:29:39
-74.0791397095,4.6570653915,2566,11:29:41
-74.0791397095,4.6570653915,2566,11:29:43
-74.0791397095,4.6570653915,2566,11:29:45
-74.0791397095,4.6570653915,2566,11:29:47
-74.0791397095,4.6570653915,2566,11:29:49
-74.0791397095,4.6570653915,2566,11:29:51
-74.0791397095,4.6570653915,2566,11:29:53
-74.0798721313,4.6573848724,2568,11:29:57
-74.0799789429,4.6573791504,2568,11:30:01
-74.0800704956,4.6573696136,2568,11:30:05
-74.0800704956,4.6573696136,2568,11:30:07
-74.0800704956,4.6573696136,2568,11:30:09
-74.0800704956,4.6573696136,2568,11:30:11
-74.0800704956,4.6573696136,2568,11:30:13
-74.0800704956,4.6573696136,2568,11:30:15
-74.0800704956,4.6573696136,2568,11:30:17
-74.0802688599,4.6573224068,2569,11:30:21
-74.0803909302,4.657286644,2570,11:30:23
-74.0804748535,4.6572594643,2570,11:30:25
-74.0805435181,4.6572341919,2570,11:30:27
-74.0805435181,4.6572341919,2570,11:30:29
-74.0805435181,4.6572341919,2570,11:30:31
-74.0805435181,4.6572341919,2570,11:30:33
-74.0806884766,4.6571292877,2570,11:30:39
-74.0807571411,4.6570525169,2569,11:30:41
-74.0807876587,4.656993866,2568,11:30:43
-74.0808029175,4.6569433212,2568,11:30:45
-74.0808105469,4.6568984985,2567,11:30:47
-74.0808105469,4.6568078995,2567,11:30:49
-74.0808105469,4.6568078995,2567,11:30:51
-74.0808105469,4.6568078995,2567,11:30:53
-74.0807571411,4.6566548347,2565,11:30:55
-74.0806884766,4.6565451622,2564,11:31:01
-74.0806045532,4.6564769745,2563,11:31:05
-74.0805358887,4.6564068794,2563,11:31:09
-74.0805664063,4.6562809944,2562,11:31:15
-74.0805664063,4.6562809944,2562,11:31:17
-74.0805664063,4.6562809944,2562,11:31:19
-74.0805664063,4.6562809944,2562,11:31:21
-74.0805664063,4.6562809944,2562,11:31:23
-74.0805664063,4.6562809944,2562,11:31:25
-74.0809173584,4.6561541557,2562,11:31:29
-74.0810012817,4.6560959816,2562,11:31:33
-74.0810546875,4.6560063362,2562,11:31:37
-74.0810546875,4.6560063362,2562,11:31:39
-74.0810546875,4.6560063362,2562,11:31:41
-74.0810546875,4.6560063362,2562,11:31:43
-74.0810546875,4.6560063362,2562,11:31:45
-74.0810546875,4.6560063362,2562,11:31:47
-74.0810546875,4.6560063362,2562,11:31:49
-74.0810546875,4.6560063362,2562,11:31:51
-74.0810546875,4.6560063362,2562,11:31:53
-74.0810546875,4.6560063362,2562,11:31:55
-74.0810546875,4.6560063362,2562,11:31:57
-74.0810546875,4.6560063362,2562,11:31:59
-74.0810546875,4.6560063362,2562,11:32:01
-74.0810546875,4.6560063362,2562,11:32:03
-74.0813751221,4.6559052467,2567,11:32:07
-74.0815582275,4.6558585167,2567,11:32:09
-74.0816726685,4.6558337212,2567,11:32:11
-74.0817642212,4.6558170319,2567,11:32:13
-74.0818328857,4.6558027267,2567,11:32:15
-74.0819473267,4.6557612419,2567,11:32:17
-74.0820236206,4.655684948,2568,11:32:21
-74.0820922852,4.6555929184,2568,11:32:25
-74.0821762085,4.6555013657,2568,11:32:29
-74.0822525024,4.6553993225,2568,11:32:33
-74.082321167,4.6553039551,2568,11:32:37
-74.0823745728,4.6552333832,2568,11:32:41
-74.0823745728,4.6552333832,2568,11:32:43
-74.0823745728,4.6552333832,2568,11:32:45
-74.0823745728,4.6552333832,2568,11:32:47
-74.0823745728,4.6552333832,2568,11:32:49
-74.0823745728,4.6552333832,2568,11:32:51
-74.0823745728,4.6552333832,2568,11:32:55
-74.0823745728,4.6552333832,2568,11:32:57
-74.0823745728,4.6552333832,2568,11:32:59
-74.082572937,4.6546802521,2568,11:33:03
-74.0826034546,4.6545681953,2568,11:33:07
-74.0826187134,4.6544780731,2567,11:33:11
-74.0826263428,4.6543712616,2568,11:33:15
-74.0826034546,4.6542701721,2568,11:33:19
-74.0826034546,4.6542701721,2568,11:33:21
-74.0826034546,4.6542701721,2568,11:33:23
-74.0826034546,4.6542701721,2568,11:33:25
-74.0825271606,4.6539506912,2568,11:33:31
-74.0825271606,4.6539506912,2568,11:33:37
-74.0825271606,4.6539506912,2568,11:33:39
-74.0825271606,4.6539506912,2568,11:33:41
-74.0825271606,4.6539506912,2568,11:33:47
-74.0825271606,4.6539506912,2568,11:33:49
-74.0825271606,4.6539506912,2568,11:33:51
-74.0825271606,4.6539506912,2568,11:33:53
-74.0825271606,4.6539506912,2568,11:33:55
-74.0825271606,4.6539506912,2568,11:33:57
-74.0825271606,4.6539506912,2568,11:33:59
-74.0825271606,4.6539506912,2568,11:34:01
-74.0825271606,4.6539506912,2568,11:34:03
-74.0825271606,4.6539506912,2568,11:34:05
-74.0825271606,4.6539506912,2568,11:34:07
-74.0825271606,4.6539506912,2568,11:34:09
-74.0821838379,4.6537132263,2564,11:34:13
-74.0819854736,4.6535887718,2563,11:34:15
-74.0818557739,4.6535191536,2563,11:34:17
-74.0817565918,4.6534767151,2563,11:34:19
-74.0816574097,4.6534438133,2563,11:34:21
-74.0814971924,4.6533913612,2563,11:34:23
-74.0813751221,4.6533679962,2563,11:34:27
-74.0812606812,4.6533703804,2563,11:34:31
-74.0811691284,4.6533970833,2563,11:34:35
-74.0811691284,4.6533970833,2563,11:34:37
-74.0811691284,4.6533970833,2563,11:34:39
-74.0811691284,4.6533970833,2563,11:34:41
-74.0811691284,4.6533970833,2563,11:34:43
-74.0810317993,4.6536941528,2564,11:34:47
-74.0809631348,4.6537623405,2564,11:34:51
-74.0809631348,4.6537623405,2564,11:34:53
-74.0809631348,4.6537623405,2564,11:34:55
-74.0809631348,4.6537623405,2564,11:34:57
-74.0809631348,4.6537623405,2564,11:34:59
-74.0809631348,4.6537623405,2564,11:35:01
-74.0809631348,4.6537623405,2564,11:35:03
-74.0809631348,4.6537623405,2564,11:35:05
-74.0809631348,4.6537623405,2564,11:35:07
-74.0809631348,4.6537623405,2564,11:35:09
-74.0809631348,4.6537623405,2564,11:35:11
-74.0809631348,4.6537623405,2564,11:35:13
-74.0805053711,4.6542458534,2565,11:35:17
-74.0804290771,4.6543283463,2565,11:35:21
-74.080368042,4.6543979645,2565,11:35:25
-74.080291748,4.6544713974,2565,11:35:29
-74.0802307129,4.6545596123,2565,11:35:33
-74.0801696777,4.6546669006,2565,11:35:37
-74.0801239014,4.6547665596,2564,11:35:41
-74.080078125,4.6548480988,2565,11:35:45
-74.080078125,4.6548480988,2565,11:35:47
-74.080078125,4.6548480988,2565,11:35:49
-74.080078125,4.6548480988,2565,11:35:51
-74.080078125,4.6548480988,2565,11:35:53
-74.0800018311,4.6549963951,2565,11:35:57
-74.0799560547,4.6550965309,2565,11:35:59
-74.0799179077,4.6551737785,2564,11:36:01
-74.0798873901,4.6552429199,2564,11:36:03
-74.0798568726,4.6553092003,2564,11:36:05
-74.0798110962,4.6554355621,2564,11:36:07
-74.0797653198,4.6555595398,2564,11:36:11
-74.0797424316,4.6556773186,2564,11:36:15
-74.0797119141,4.6557970047,2564,11:36:19
-74.0796890259,4.6559009552,2564,11:36:23
-74.0796890259,4.6559009552,2564,11:36:25
-74.0796890259,4.6559009552,2564,11:36:27
-74.0796890259,4.6559009552,2564,11:36:29
-74.0796890259,4.6559009552,2564,11:36:31
-74.0796890259,4.6559009552,2564,11:36:33
-74.0796890259,4.6559009552,2564,11:36:35
-74.0796890259,4.6559009552,2564,11:36:37
-74.0795288086,4.6563324928,2564,11:36:41
-74.0794677734,4.6564311981,2564,11:36:45
-74.0794677734,4.6564311981,2564,11:36:49
-74.0794677734,4.6564311981,2564,11:36:51
-74.0794677734,4.6564311981,2564,11:36:53
-74.0794677734,4.6564311981,2564,11:36:55
-74.0794677734,4.6564311981,2564,11:36:57
-74.079246521,4.656853199,2566,11:37:03
-74.0791702271,4.6569666862,2566,11:37:07
-74.0791168213,4.6570744514,2567,11:37:11
-74.0791168213,4.6570744514,2567,11:37:15
-74.0791168213,4.6570744514,2567,11:37:17
-74.0791168213,4.6570744514,2567,11:37:19
-74.0791168213,4.6570744514,2567,11:37:21
-74.0791168213,4.6570744514,2567,11:37:23
-74.0791168213,4.6570744514,2567,11:37:27
-74.0793151855,4.6572351456,2568,11:37:31
-74.0794525146,4.6573204994,2568,11:37:33
-74.0795440674,4.6573629379,2568,11:37:35
-74.0796203613,4.6573820114,2568,11:37:37
-74.0796890259,4.657389164,2568,11:37:39
-74.0797958374,4.6573958397,2568,11:37:41
-74.0799255371,4.6573882103,2568,11:37:45
-74.080039978,4.657371521,2569,11:37:49
-74.0801544189,4.6573529243,2569,11:37:53
-74.0801544189,4.6573529243,2569,11:37:55
-74.0801544189,4.6573529243,2569,11:37:57
-74.0801544189,4.6573529243,2569,11:37:59
-74.0801544189,4.6573529243,2569,11:38:01
-74.0801544189,4.6573529243,2569,11:38:03
-74.0801544189,4.6573529243,2569,11:38:05
-74.0801544189,4.6573529243,2569,11:38:07
-74.0806655884,4.6571855545,2572,11:38:13
-74.0807800293,4.6571359634,2572,11:38:17
-74.0807800293,4.6571359634,2572,11:38:19
-74.0807800293,4.6571359634,2572,11:38:21
-74.0807800293,4.6571359634,2572,11:38:23
-74.0807800293,4.6571359634,2572,11:38:25
-74.0807800293,4.6571359634,2572,11:38:27
-74.0807800293,4.6571359634,2572,11:38:29
-74.0807800293,4.6571359634,2572,11:38:31
-74.0808258057,4.6566977501,2572,11:38:35
-74.0807876587,4.6566019058,2571,11:38:39
-74.0807113647,4.6565237045,2570,11:38:43
-74.0806274414,4.6564393044,2570,11:38:47
-74.0805587769,4.6563606262,2570,11:38:51
-74.0805587769,4.6563606262,2570,11:38:57
-74.0805587769,4.6563606262,2570,11:38:59
-74.0805587769,4.6563606262,2570,11:39:01
-74.0805587769,4.6563606262,2570,11:39:03
-74.0805587769,4.6563606262,2570,11:39:05
-74.0805587769,4.6563606262,2570,11:39:07
-74.0805587769,4.6563606262,2570,11:39:09
-74.0805587769,4.6561994553,2568,11:39:16
-74.0805358887,4.6561031342,2568,11:39:18
-74.0805130005,4.6560416222,2568,11:39:20
-74.0804748535,4.6559958458,2568,11:39:22
-74.0804290771,4.6559624672,2568,11:39:24
-74.080329895,4.6559057236,2568,11:39:26
-74.0802383423,4.6558790207,2567,11:39:30
-74.0802383423,4.6558790207,2567,11:39:32
-74.0801315308,4.6558237076,2567,11:39:34
-74.0801315308,4.6558237076,2567,11:39:36
-74.0801315308,4.6558237076,2567,11:39:38
-74.0799865723,4.6556768417,2566,11:39:42
-74.0799331665,4.6555991173,2566,11:39:46
-74.0799331665,4.6555991173,2566,11:39:50
-74.0799331665,4.6555991173,2566,11:39:52
-74.0799331665,4.6555991173,2566,11:39:54
-74.0797805786,4.6557226181,2565,11:40:00
-74.0797424316,4.6558241844,2565,11:40:04
-74.0797042847,4.655921936,2565,11:40:08
-74.0797042847,4.655921936,2565,11:40:10
-74.0797042847,4.655921936,2565,11:40:12
-74.0797042847,4.655921936,2565,11:40:14
-74.0797042847,4.655921936,2565,11:40:16
-74.0797042847,4.655921936,2565,11:40:18
-74.0796737671,4.6561131477,2566,11:40:28
-74.0796737671,4.6561131477,2566,11:40:30
-74.0796737671,4.6561131477,2566,11:40:32
-74.0796737671,4.6561131477,2566,11:40:34
-74.0796737671,4.6561131477,2566,11:40:36
-74.0796737671,4.6561131477,2566,11:40:38
-74.0796737671,4.6561131477,2566,11:40:40
-74.0796737671,4.6561131477,2566,11:40:42
-74.0796737671,4.6561131477,2566,11:40:44
-74.0796737671,4.6561131477,2566,11:40:46
-74.0796737671,4.6561131477,2566,11:40:48
-74.0796737671,4.6561131477,2566,11:40:50
-74.0796737671,4.6561131477,2566,11:40:52
-74.0795669556,4.6563267708,2567,11:41:04
-74.0795135498,4.656443119,2567,11:41:06
-74.0794754028,4.6565113068,2567,11:41:08
-74.0794525146,4.6565518379,2568,11:41:10
-74.0794296265,4.6565990448,2569,11:41:18
-74.0793991089,4.656639576,2569,11:41:22
-74.0793762207,4.6566796303,2570,11:41:28
-74.0793533325,4.6567196846,2570,11:41:34
-74.0793533325,4.6567196846,2570,11:41:36
-74.0793533325,4.6567196846,2570,11:41:38
-74.0793533325,4.6567196846,2570,11:41:40
-74.0793533325,4.6567196846,2570,11:41:42
-74.0793151855,4.6567974091,2571,11:41:46
-74.079284668,4.656847477,2572,11:41:48
-74.0792617798,4.6568937302,2572,11:41:52
-74.0792388916,4.6569395065,2572,11:41:56
-74.0792160034,4.6569843292,2572,11:42:00
-74.0792160034,4.6569843292,2572,11:42:04
-74.0792160034,4.6569843292,2572,11:42:06
-74.0792160034,4.6569843292,2572,11:42:08
-74.0792160034,4.6569843292,2572,11:42:10
-74.0792007446,4.6570868492,2572,11:42:16
-74.0792007446,4.657148838,2571,11:42:18
-74.0792312622,4.6571993828,2571,11:42:24
-74.0792617798,4.657242775,2571,11:42:28
-74.0792617798,4.657242775,2571,11:42:30
-74.0792617798,4.657242775,2571,11:42:32
-74.0793151855,4.657289505,2571,11:42:36
-74.0793533325,4.6573219299,2571,11:42:38
-74.0793914795,4.6573472023,2571,11:42:44
-74.0793914795,4.6573472023,2571,11:42:46
-74.0794448853,4.6573677063,2571,11:42:48
-74.0794448853,4.6573677063,2571,11:42:50
-74.0794448853,4.6573677063,2571,11:42:52
-74.0794448853,4.6573677063,2571,11:42:54
-74.0794448853,4.6573677063,2571,11:42:56
-74.0794448853,4.6573677063,2571,11:42:58
-74.0794448853,4.6573677063,2571,11:43:00
-74.0795593262,4.6573781967,2571,11:43:06
-74.0795593262,4.6573781967,2571,11:43:08
-74.0795593262,4.6573781967,2571,11:43:10
-74.0795593262,4.6573781967,2571,11:43:12
-74.0795593262,4.6573781967,2571,11:43:14
-74.0795593262,4.6573781967,2571,11:43:16
-74.0795593262,4.6573781967,2571,11:43:18
-74.0795593262,4.6573781967,2571,11:43:20
-74.0795593262,4.6573781967,2571,11:43:22
-74.0795593262,4.6573781967,2571,11:43:24
-74.0795593262,4.6573781967,2571,11:43:26
-74.079750061,4.6573805809,2571,11:43:30
-74.0798492432,4.6573791504,2571,11:43:32
-74.0799179077,4.6573758125,2571,11:43:34
-74.0799179077,4.6573758125,2571,11:43:36
-74.0799713135,4.6573672295,2571,11:43:38
-74.0799713135,4.6573672295,2571,11:43:44
-74.0799713135,4.6573672295,2571,11:43:46
-74.0799713135,4.6573672295,2571,11:43:48
-74.080078125,4.6573476791,2571,11:43:52
-74.0801467896,4.657336235,2571,11:43:54
-74.0801925659,4.6573281288,2571,11:43:56
-74.0802383423,4.6573166847,2571,11:44:02
-74.0802841187,4.6573085785,2571,11:44:06
-74.0802841187,4.6573085785,2571,11:44:08
-74.0802841187,4.6573085785,2571,11:44:10
-74.0802841187,4.6573085785,2571,11:44:12
-74.0802841187,4.6573085785,2571,11:44:14
-74.0802841187,4.6573085785,2571,11:44:16
-74.0802841187,4.6573085785,2571,11:44:18
-74.0802841187,4.6573085785,2571,11:44:20
-74.0802841187,4.6573085785,2571,11:44:22
-74.0802841187,4.6573085785,2571,11:44:24
-74.0802841187,4.6573085785,2571,11:44:26
-74.0802841187,4.6573085785,2571,11:44:28
-74.0802841187,4.6573085785,2571,11:44:30
-74.0802841187,4.6573085785,2571,11:44:32
-74.0802841187,4.6573085785,2571,11:44:34
-74.0802841187,4.6573085785,2571,11:44:36
-74.0804977417,4.6572523117,2571,11:44:40
-74.0806121826,4.6572203636,2571,11:44:42
-74.0806808472,4.657201767,2571,11:44:44
-74.0807266235,4.6571874619,2571,11:44:46
-74.0807647705,4.657169342,2570,11:44:50
-74.0807647705,4.657169342,2570,11:44:53
-74.0807647705,4.657169342,2570,11:44:57
-74.0807647705,4.657169342,2570,11:44:58
-74.0807647705,4.657169342,2570,11:45:00
-74.0807647705,4.657169342,2570,11:45:02
-74.0807647705,4.657169342,2570,11:45:04
-74.0807647705,4.657169342,2570,11:45:06
-74.0807647705,4.657169342,2570,11:45:08
-74.0807800293,4.657043457,2570,11:45:15
-74.0807800293,4.657043457,2570,11:45:17
-74.0807800293,4.657043457,2570,11:45:19
-74.0807800293,4.6569318771,2569,11:45:23
-74.0807723999,4.6568684578,2569,11:45:25
-74.0807647705,4.6568193436,2569,11:45:29
-74.0807647705,4.6568193436,2569,11:45:31
-74.0807647705,4.6567664146,2568,11:45:33
-74.0807647705,4.6567664146,2568,11:45:35
-74.0807571411,4.6566967964,2568,11:45:39
-74.0807418823,4.6566500664,2568,11:45:41
-74.0807189941,4.6566028595,2568,11:45:49
-74.0806884766,4.6565594673,2568,11:45:53
-74.0806655884,4.656519413,2568,11:45:57
-74.0806655884,4.656519413,2568,11:45:59
-74.0806655884,4.656519413,2568,11:46:01
-74.0806655884,4.656519413,2568,11:46:03
-74.0806121826,4.6564683914,2569,11:46:07
-74.0805664063,4.6564354897,2569,11:46:11
-74.0805664063,4.6564354897,2569,11:46:13
-74.0805282593,4.65639925,2569,11:46:15
-74.0805130005,4.6563410759,2569,11:46:19
-74.0805053711,4.6562891006,2569,11:46:23
-74.0805130005,4.6562380791,2569,11:46:29
-74.0805511475,4.6562042236,2569,11:46:33
-74.0805511475,4.6562042236,2569,11:46:35
-74.0805511475,4.6562042236,2569,11:46:37
-74.0805511475,4.6562042236,2569,11:46:39
-74.0805511475,4.6562042236,2569,11:46:41
-74.0806427002,4.656182766,2569,11:46:45
-74.080696106,4.6561703682,2569,11:46:47
-74.080696106,4.6561703682,2569,11:46:49
-74.080696106,4.6561703682,2569,11:46:51
-74.080696106,4.6561703682,2569,11:46:53
-74.0807723999,4.6561570168,2569,11:46:57
-74.0808258057,4.6561512947,2569,11:46:59
-74.080871582,4.6561422348,2569,11:47:01
-74.0809249878,4.6561226845,2569,11:47:07
-74.0809707642,4.6561050415,2569,11:47:11
-74.0810089111,4.6560721397,2569,11:47:15
-74.0810470581,4.6560406685,2569,11:47:17
-74.0810775757,4.6560015678,2569,11:47:19
-74.0811080933,4.655960083,2569,11:47:21
-74.0811309814,4.6559195518,2569,11:47:23
-74.0812072754,4.6558480263,2568,11:47:25
-74.0813140869,4.6557912827,2568,11:47:29
-74.0814056396,4.6557435989,2568,11:47:33
-74.08152771,4.6557507515,2568,11:47:37
-74.0816192627,4.6557559967,2568,11:47:41
-74.0817184448,4.6557779312,2569,11:47:45
-74.0818252563,4.6557655334,2569,11:47:49
-74.0819320679,4.655755043,2569,11:47:53
-74.0820465088,4.6556911469,2569,11:47:59
-74.0820465088,4.6556911469,2569,11:48:01
-74.0820465088,4.6556911469,2569,11:48:03
-74.0820465088,4.6556911469,2569,11:48:05
-74.0820465088,4.6556911469,2569,11:48:07
-74.0820465088,4.6556911469,2569,11:48:09
-74.0820465088,4.6556911469,2569,11:48:11
-74.0820465088,4.6556911469,2569,11:48:13
-74.0822906494,4.6553254128,2568,11:48:17
-74.0822906494,4.6553254128,2568,11:48:21
-74.0822906494,4.6553254128,2568,11:48:23
-74.0822906494,4.6553254128,2568,11:48:25
-74.0822906494,4.6553254128,2568,11:48:27
-74.0825119019,4.6549901962,2567,11:48:33
-74.0825500488,4.6549081802,2567,11:48:37
-74.0825881958,4.6548075676,2566,11:48:41
-74.0825881958,4.6548075676,2566,11:48:43
-74.0825881958,4.6548075676,2566,11:48:45
-74.0825881958,4.6548075676,2566,11:48:47
-74.082611084,4.6546726227,2565,11:48:51
-74.0826263428,4.6545748711,2565,11:48:53
-74.0826416016,4.6545009613,2565,11:48:55
-74.0826416016,4.6544361115,2565,11:48:57
-74.0826339722,4.6543741226,2565,11:48:59
-74.0826339722,4.6543741226,2565,11:49:01
-74.0825805664,4.6541485786,2565,11:49:05
-74.0825576782,4.6540346146,2565,11:49:09
-74.08253479,4.6539344788,2565,11:49:13
-74.08253479,4.6539344788,2565,11:49:15
-74.0824508667,4.6538758278,2566,11:49:17
-74.0824508667,4.6538758278,2566,11:49:19
-74.0824508667,4.6538758278,2566,11:49:21
-74.0824508667,4.6538758278,2566,11:49:23
-74.0824508667,4.6538758278,2566,11:49:25
-74.0824508667,4.6538758278,2566,11:49:27
-74.0824508667,4.6538758278,2566,11:49:29
-74.0824508667,4.6538758278,2566,11:49:31
-74.0824508667,4.6538758278,2566,11:49:33
-74.0824508667,4.6538758278,2566,11:49:35
-74.0824508667,4.6538758278,2566,11:49:37
-74.0824508667,4.6538758278,2566,11:49:39
-74.0824508667,4.6538758278,2566,11:49:41
-74.0824508667,4.6538758278,2566,11:49:43
-74.0824508667,4.6538758278,2566,11:49:45
-74.0824508667,4.6538758278,2566,11:49:47
-74.0824508667,4.6538758278,2566,11:49:49
-74.0824508667,4.6538758278,2566,11:49:51
-74.0824508667,4.6538758278,2566,11:49:53
-74.0824508667,4.6538758278,2566,11:49:55
-74.0824508667,4.6538758278,2566,11:49:57
-74.0815811157,4.6534152031,2570,11:50:01
-74.0814743042,4.6534047127,2570,11:50:05
-74.0813751221,4.6534056664,2570,11:50:09
-74.0812606812,4.6534132957,2571,11:50:13
-74.0812149048,4.653427124,2571,11:50:17
-74.0811691284,4.6534433365,2571,11:50:19
-74.0811309814,4.6534690857,2571,11:50:21
-74.0811309814,4.6534690857,2571,11:50:23
-74.0811004639,4.6535205841,2571,11:50:25
-74.0811004639,4.6535205841,2571,11:50:27
-74.0811004639,4.6535205841,2571,11:50:29
-74.0810394287,4.6536445618,2571,11:50:33
-74.0809936523,4.6537227631,2571,11:50:35
-74.0809555054,4.6537833214,2571,11:50:37
-74.0809249878,4.6538333893,2571,11:50:39
-74.0809249878,4.6538333893,2571,11:50:41
-74.0809249878,4.6538333893,2571,11:50:43
-74.0808029175,4.6539416313,2571,11:50:49
-74.0807189941,4.6540117264,2571,11:50:51
-74.0806655884,4.6540641785,2571,11:50:53
-74.0806121826,4.6541047096,2571,11:50:55
-74.0805740356,4.6541442871,2571,11:50:57
-74.0805740356,4.6541442871,2571,11:50:59
-74.0804748535,4.6542811394,2571,11:51:01
-74.0804214478,4.6543712616,2571,11:51:05
-74.080368042,4.6544489861,2571,11:51:09
-74.080368042,4.6544489861,2571,11:51:11
-74.080368042,4.6544489861,2571,11:51:13
-74.0802688599,4.6546077728,2571,11:51:15
-74.0802078247,4.6546955109,2571,11:51:19
-74.0802078247,4.6546955109,2571,11:51:23
-74.0802078247,4.6546955109,2571,11:51:25
-74.0802078247,4.6546955109,2571,11:51:27
-74.0802078247,4.6546955109,2571,11:51:29
-74.0802078247,4.6546955109,2571,11:51:31
-74.0802078247,4.6546955109,2571,11:51:33
-74.0799865723,4.6551437378,2571,11:51:39
-74.0799407959,4.6552352905,2571,11:51:43
-74.0798950195,4.6553344727,2571,11:51:47
-74.0798568726,4.6554374695,2571,11:51:51
-74.0798339844,4.6555485725,2571,11:51:55
-74.0798110962,4.6556582451,2570,11:51:59
-74.079788208,4.655766964,2570,11:52:03
-74.079788208,4.655766964,2570,11:52:05
-74.0797653198,4.6558680534,2571,11:52:07
-74.0797348022,4.6559758186,2571,11:52:11
-74.0797348022,4.6559758186,2571,11:52:15
-74.0797348022,4.6559758186,2571,11:52:17
-74.0797348022,4.6559758186,2571,11:52:19
-74.0797348022,4.6559758186,2571,11:52:21
-74.0797348022,4.6559758186,2571,11:52:23
-74.0797348022,4.6559758186,2571,11:52:25
-74.0797348022,4.6559758186,2571,11:52:27
-74.0797348022,4.6559758186,2571,11:52:29
-74.0797348022,4.6559758186,2571,11:52:35
-74.0797348022,4.6559758186,2571,11:52:37
-74.0797348022,4.6559758186,2571,11:52:39
-74.0797348022,4.6559758186,2571,11:52:41
-74.0797348022,4.6559758186,2571,11:52:43
-74.0797348022,4.6559758186,2571,11:52:45
-74.0794906616,4.6563854218,2571,11:52:49
-74.0793533325,4.6566095352,2571,11:52:51
-74.0792694092,4.6567444801,2571,11:52:53
-74.079208374,4.6568350792,2571,11:52:55
-74.0791625977,4.6569027901,2570,11:52:57
-74.0790939331,4.6570239067,2570,11:52:59
-74.0791091919,4.6571354866,2570,11:53:03
-74.0792007446,4.6572237015,2570,11:53:07
-74.0792922974,4.6572885513,2570,11:53:11
-74.0793838501,4.6573514938,2570,11:53:15
-74.0794830322,4.6573858261,2570,11:53:19
-74.0795974731,4.6573963165,2570,11:53:23
-74.0797119141,4.657394886,2570,11:53:27
-74.0798034668,4.657394886,2570,11:53:31
-74.0798034668,4.657394886,2570,11:53:33
-74.0798034668,4.657394886,2570,11:53:35
-74.0798034668,4.657394886,2570,11:53:37
-74.0798034668,4.657394886,2570,11:53:39
-74.0798034668,4.657394886,2570,11:53:41
-74.0798034668,4.657394886,2570,11:53:43
-74.0798034668,4.657394886,2570,11:53:45
-74.0798034668,4.657394886,2570,11:53:47
-74.0798034668,4.657394886,2570,11:53:49
-74.0798034668,4.657394886,2570,11:53:57
-74.0798034668,4.657394886,2570,11:53:59
-74.0798034668,4.657394886,2570,11:54:01
-74.0806274414,4.6572031975,2568,11:54:05
-74.0807266235,4.6571679115,2568,11:54:09
-74.0808029175,4.6571259499,2568,11:54:13
-74.0808029175,4.6571259499,2568,11:54:15
-74.0808029175,4.6571259499,2568,11:54:17
-74.0808029175,4.6571259499,2568,11:54:19
-74.0808029175,4.6571259499,2568,11:54:21
-74.0808029175,4.6571259499,2568,11:54:23
-74.0808029175,4.6571259499,2568,11:54:25
-74.0808029175,4.6571259499,2568,11:54:27
-74.0808029175,4.6571259499,2568,11:54:29
-74.0808029175,4.6569008827,2567,11:54:33
-74.0807876587,4.6567606926,2567,11:54:35
-74.0807571411,4.6566648483,2567,11:54:37
-74.0807266235,4.6565971375,2567,11:54:39
-74.080696106,4.6565394402,2567,11:54:41
-74.0806274414,4.6564407349,2567,11:54:43
-74.0806274414,4.6564407349,2567,11:54:45
-74.0806274414,4.6564407349,2567,11:54:47
-74.0806274414,4.6564407349,2567,11:54:49
-74.0806274414,4.6564407349,2567,11:54:51
-74.0806274414,4.6564407349,2567,11:54:55
-74.0806121826,4.656188488,2568,11:54:59
-74.0807113647,4.6561837196,2568,11:55:03
-74.0808029175,4.6561632156,2568,11:55:07
-74.0808029175,4.6561632156,2568,11:55:09
-74.0808029175,4.6561632156,2568,11:55:11
-74.0808029175,4.6561632156,2568,11:55:13
-74.0808029175,4.6561632156,2568,11:55:17
-74.0808029175,4.6561632156,2568,11:55:19
-74.0808029175,4.6561632156,2568,11:55:21
-74.0808029175,4.6561632156,2568,11:55:23
-74.0808029175,4.6561632156,2568,11:55:25
-74.0808029175,4.6561632156,2568,11:55:27
-74.0808029175,4.6561632156,2568,11:55:29
-74.0808029175,4.6561632156,2568,11:55:31
-74.0808029175,4.6561632156,2568,11:55:33
-74.0808029175,4.6561632156,2568,11:55:35
-74.0808029175,4.6561632156,2568,11:55:37
-74.0808029175,4.6561632156,2568,11:55:39
-74.0814208984,4.6557154655,2568,11:55:43
-74.0815200806,4.6557312012,2568,11:55:47
-74.0816116333,4.6557517052,2569,11:55:51
-74.0817184448,4.655772686,2569,11:55:55
-74.0817718506,4.6557745934,2570,11:55:59
-74.0818252563,4.6557722092,2570,11:56:01
-74.0818786621,4.6557664871,2570,11:56:03
-74.0819320679,4.6557555199,2570,11:56:05
-74.0819702148,4.6557326317,2570,11:56:07
-74.0820388794,4.6556706429,2570,11:56:09
-74.0820922852,4.6555862427,2570,11:56:13
-74.0821533203,4.6555118561,2569,11:56:17
-74.0822067261,4.6554346085,2568,11:56:21
-74.08228302,4.6553459167,2568,11:56:25
-74.0823364258,4.6552581787,2567,11:56:29
-74.0823364258,4.6552581787,2567,11:56:31
-74.0823974609,4.6551728249,2566,11:56:33
-74.0823974609,4.6551728249,2566,11:56:35
-74.0823974609,4.6551728249,2566,11:56:37
-74.0823974609,4.6551728249,2566,11:56:39
-74.0823974609,4.6551728249,2566,11:56:41
-74.082611084,4.6546673775,2564,11:56:55
-74.0826568604,4.65452528,2563,11:57:01
-74.0826568604,4.6544127464,2563,11:57:04
-74.0826263428,4.654294014,2563,11:57:08
-74.082611084,4.6541762352,2563,11:57:12
-74.0825958252,4.6540808678,2564,11:57:16
-74.0825958252,4.6540808678,2564,11:57:18
-74.0825958252,4.6540808678,2564,11:57:20
-74.0825958252,4.6540808678,2564,11:57:22
-74.0825958252,4.6540808678,2564,11:57:24
-74.0825958252,4.6540808678,2564,11:57:26
-74.0825958252,4.6540808678,2564,11:57:28
-74.0825958252,4.6540808678,2564,11:57:30
-74.0822525024,4.6537876129,2565,11:57:34
-74.0821609497,4.6537418365,2566,11:57:38
-74.0821609497,4.6537418365,2566,11:57:40
-74.0821609497,4.6537418365,2566,11:57:42
-74.0821609497,4.6537418365,2566,11:57:44
-74.0821609497,4.6537418365,2566,11:57:46
-74.0821609497,4.6537418365,2566,11:57:48
-74.0821609497,4.6537418365,2566,11:57:50
-74.0821609497,4.6537418365,2566,11:57:52
-74.0821609497,4.6537418365,2566,11:57:54
-74.0821609497,4.6537418365,2566,11:57:56
-74.0821609497,4.6537418365,2566,11:57:58
-74.0821609497,4.6537418365,2566,11:58:00
-74.0821609497,4.6537418365,2566,11:58:02
-74.0821609497,4.6537418365,2566,11:58:04
-74.0819015503,4.6535892487,2568,11:58:10
-74.0817489624,4.6535105705,2568,11:58:12
-74.0816421509,4.6534676552,2568,11:58:14
-74.0815582275,4.6534414291,2569,11:58:16
-74.0814819336,4.6534204483,2569,11:58:18
-74.0813598633,4.6533975601,2569,11:58:20
-74.0812530518,4.6534051895,2569,11:58:24
-74.081161499,4.653427124,2569,11:58:28
-74.081161499,4.653427124,2569,11:58:32
-74.081161499,4.653427124,2569,11:58:34
-74.081161499,4.653427124,2569,11:58:36
-74.081161499,4.653427124,2569,11:58:38
-74.081161499,4.653427124,2569,11:58:40
-74.0810470581,4.6537137032,2569,11:58:44
-74.0809783936,4.6537837982,2569,11:58:48
-74.0809249878,4.6538672447,2570,11:58:52
-74.0809249878,4.6538672447,2570,11:58:54
-74.0809249878,4.6538672447,2570,11:58:56
-74.0809249878,4.6538672447,2570,11:58:58
-74.0809249878,4.6538672447,2570,11:59:00
-74.0809249878,4.6538672447,2570,11:59:02
-74.0809249878,4.6538672447,2570,11:59:04
-74.0809249878,4.6538672447,2570,11:59:06
-74.0809249878,4.6538672447,2570,11:59:08
-74.0805358887,4.6542019844,2571,11:59:12
-74.0804748535,4.6542949677,2571,11:59:16
-74.0804214478,4.6543869972,2571,11:59:20
-74.0803604126,4.6544775963,2571,11:59:24
-74.0803070068,4.6545472145,2571,11:59:28
-74.0803070068,4.6545472145,2571,11:59:30
-74.0802459717,4.6546349525,2571,11:59:32
-74.0801849365,4.6547193527,2571,11:59:36
-74.0801315308,4.6548070908,2571,11:59:40
-74.0800704956,4.6548848152,2571,11:59:44
-74.0800704956,4.6548848152,2571,11:59:46
-74.0800704956,4.6548848152,2571,11:59:48
-74.0800704956,4.6548848152,2571,11:59:50
-74.0800247192,4.6550002098,2571,11:59:54
-74.0799865723,4.6550807953,2571,11:59:56
-74.0799636841,4.6551451683,2571,11:59:58
-74.0799407959,4.6552009583,2571,12:00:00
-74.0799255371,4.6552586555,2570,12:00:02
-74.0798950195,4.6553688049,2570,12:00:04
-74.079864502,4.6554822922,2571,12:00:08
-74.079826355,4.6555929184,2571,12:00:12
-74.0797958374,4.6556816101,2571,12:00:16
-74.0797958374,4.6556816101,2571,12:00:18
-74.0797958374,4.6556816101,2571,12:00:20
-74.0797958374,4.6556816101,2571,12:00:22
-74.0797958374,4.6556816101,2571,12:00:24
-74.0797958374,4.6556816101,2571,12:00:26
-74.0797958374,4.6556816101,2571,12:00:28
-74.0797958374,4.6556816101,2571,12:00:30
-74.0797958374,4.6556816101,2571,12:00:32
-74.0797958374,4.6556816101,2571,12:00:34
-74.0797958374,4.6556816101,2571,12:00:36
-74.0797958374,4.6556816101,2571,12:00:38
-74.0797958374,4.6556816101,2571,12:00:40
-74.0797958374,4.6556816101,2571,12:00:42
-74.0797958374,4.6556816101,2571,12:00:44
-74.0795822144,4.6563529968,2574,12:00:48
-74.0795135498,4.6564416885,2573,12:00:52
-74.079460144,4.6565122604,2573,12:00:56
-74.079460144,4.6565122604,2573,12:00:58
-74.079460144,4.6565122604,2573,12:01:00
-74.079460144,4.6565122604,2573,12:01:02
-74.079460144,4.6565122604,2573,12:01:04
-74.0792922974,4.6567625999,2573,12:01:08
-74.0792312622,4.656850338,2573,12:01:12
-74.0791625977,4.6569671631,2573,12:01:16
-74.0791320801,4.6570839882,2572,12:01:20
-74.0791778564,4.6571931839,2572,12:01:24
-74.0792236328,4.6572313309,2572,12:01:28
-74.0792617798,4.6572651863,2572,12:01:30
-74.0792999268,4.6572976112,2572,12:01:32
-74.0793457031,4.657324791,2572,12:01:34
-74.0793991089,4.657345295,2572,12:01:36
-74.0795135498,4.6573796272,2572,12:01:38
-74.0796203613,4.6573905945,2572,12:01:42
-74.0796203613,4.6573905945,2572,12:01:46
-74.0796203613,4.6573905945,2572,12:01:48
-74.0796203613,4.6573905945,2572,12:01:50
-74.0796203613,4.6573905945,2572,12:01:52
-74.0796203613,4.6573905945,2572,12:01:54
-74.0796203613,4.6573905945,2572,12:02:02
-74.0796203613,4.6573905945,2572,12:02:04
-74.0796203613,4.6573905945,2572,12:02:06
-74.0796203613,4.6573905945,2572,12:02:08
-74.0796203613,4.6573905945,2572,12:02:10
-74.0796203613,4.6573905945,2572,12:02:12
-74.0796203613,4.6573905945,2572,12:02:14
-74.0805130005,4.6572527885,2569,12:02:18
-74.0806045532,4.6572203636,2568,12:02:22
-74.0807037354,4.657186985,2568,12:02:26
-74.0807037354,4.657186985,2568,12:02:28
-74.0807037354,4.657186985,2568,12:02:30
-74.0807037354,4.657186985,2568,12:02:32
-74.0807037354,4.657186985,2568,12:02:34
-74.0807037354,4.657186985,2568,12:02:36
-74.0807037354,4.657186985,2568,12:02:38
-74.0807037354,4.657186985,2568,12:02:40
-74.0807037354,4.657186985,2568,12:02:42
-74.0807037354,4.657186985,2568,12:02:44
-74.0807495117,4.6569404602,2565,12:02:50
-74.0807647705,4.6567907333,2565,12:02:52
-74.0807571411,4.6566886902,2565,12:02:54
-74.0807342529,4.6566152573,2565,12:02:56
-74.0807037354,4.6565566063,2565,12:02:58
-74.0806503296,4.6564655304,2565,12:03:00
-74.0805664063,4.6564011574,2565,12:03:04
-74.0805053711,4.6563310623,2565,12:03:08
-74.0804977417,4.6562404633,2565,12:03:12
-74.0805969238,4.6561903954,2566,12:03:16
-74.0807113647,4.6561932564,2566,12:03:20
-74.0808105469,4.6561756134,2566,12:03:24
-74.0809173584,4.6561436653,2566,12:03:28
-74.0809173584,4.6561436653,2566,12:03:30
-74.0809173584,4.6561436653,2566,12:03:32
-74.0809173584,4.6561436653,2566,12:03:34
-74.0809173584,4.6561436653,2566,12:03:36
-74.0809173584,4.6561436653,2566,12:03:38
-74.0809173584,4.6561436653,2566,12:03:40
-74.0809173584,4.6561436653,2566,12:03:42
-74.0809173584,4.6561436653,2566,12:03:44
-74.0809173584,4.6561436653,2566,12:03:46
-74.0809173584,4.6561436653,2566,12:03:48
-74.0809173584,4.6561436653,2566,12:03:50
-74.0809173584,4.6561436653,2566,12:03:52
-74.0809173584,4.6561436653,2566,12:03:54
-74.0809173584,4.6561436653,2566,12:03:56
-74.0809173584,4.6561436653,2566,12:03:58
-74.0809173584,4.6561436653,2566,12:04:00
-74.0816955566,4.6557693481,2568,12:04:06
-74.0818023682,4.6557888985,2569,12:04:10
-74.0818939209,4.6557741165,2569,12:04:14
-74.081993103,4.65574646,2569,12:04:20
-74.081993103,4.65574646,2569,12:04:22
-74.0820236206,4.6557130814,2568,12:04:24
-74.0820236206,4.6557130814,2568,12:04:26
-74.0820236206,4.6557130814,2568,12:04:28
-74.0820236206,4.6557130814,2568,12:04:30
-74.0820236206,4.6557130814,2568,12:04:32
-74.0820236206,4.6557130814,2568,12:04:34
-74.0820236206,4.6557130814,2568,12:04:36
-74.0820236206,4.6557130814,2568,12:04:38
-74.0821609497,4.6555213928,2565,12:04:42
-74.0822372437,4.6554050446,2565,12:04:44
-74.0822982788,4.6553254128,2565,12:04:46
-74.0823440552,4.6552667618,2565,12:04:48
-74.0823822021,4.6552143097,2564,12:04:50
-74.0824279785,4.6551113129,2564,12:04:52
-74.0824737549,4.6550197601,2564,12:04:56
-74.0825042725,4.6549115181,2564,12:05:00
-74.0825042725,4.6549115181,2564,12:05:02
-74.0825042725,4.6549115181,2564,12:05:04
-74.0825042725,4.6549115181,2564,12:05:06
-74.0826034546,4.6546320915,2563,12:05:12
-74.0826187134,4.6545238495,2563,12:05:16
-74.0826263428,4.6544275284,2563,12:05:20
-74.0826263428,4.6544275284,2563,12:05:22
-74.0826263428,4.6544275284,2563,12:05:24
-74.0826263428,4.6544275284,2563,12:05:26
-74.0826263428,4.6544275284,2563,12:05:28
-74.0826263428,4.6544275284,2563,12:05:30
-74.0826263428,4.6544275284,2563,12:05:32
-74.0826263428,4.6544275284,2563,12:05:34
-74.0826263428,4.6544275284,2563,12:05:36
-74.0826263428,4.6544275284,2563,12:05:38
-74.0826263428,4.6544275284,2563,12:05:40
-74.0826263428,4.6544275284,2563,12:05:42
-74.0826263428,4.6544275284,2563,12:05:44
-74.0825805664,4.6541285515,2566,12:05:50
-74.082572937,4.6540260315,2567,12:06:00
-74.082572937,4.6540260315,2567,12:06:02
-74.0825500488,4.6539735794,2568,12:06:08
-74.08253479,4.653924942,2568,12:06:12
-74.08253479,4.6538777351,2568,12:06:16
-74.08253479,4.6538777351,2568,12:06:18
-74.08253479,4.6538777351,2568,12:06:20
-74.08253479,4.653822422,2569,12:06:22
-74.08253479,4.6537737846,2569,12:06:26
-74.08253479,4.6537737846,2569,12:06:30
-74.08253479,4.6537737846,2569,12:06:32
-74.08253479,4.6537737846,2569,12:06:34
-74.08253479,4.6537737846,2569,12:06:36
-74.0824813843,4.6536870003,2569,12:06:40
-74.0824584961,4.6536364555,2569,12:06:42
-74.0824584961,4.6536364555,2569,12:06:44
-74.0824279785,4.6535944939,2570,12:06:46
-74.0824279785,4.6535944939,2570,12:06:50
-74.0824279785,4.6535944939,2570,12:06:52
-74.0824279785,4.6535944939,2570,12:06:54
-74.0824279785,4.6535944939,2570,12:06:56
-74.0824279785,4.6535944939,2570,12:06:58
-74.0824279785,4.6535944939,2570,12:07:00
-74.0824279785,4.6535944939,2570,12:07:02
-74.0824279785,4.6535944939,2570,12:07:04
-74.0823440552,4.6534972191,2572,12:07:08
-74.0822982788,4.6534452438,2572,12:07:10
-74.0822982788,4.6534452438,2572,12:07:12
-74.0822982788,4.6534452438,2572,12:07:14
-74.0822982788,4.6534452438,2572,12:07:16
-74.0822982788,4.6534452438,2572,12:07:18
-74.0822982788,4.6534452438,2572,12:07:20
-74.0822982788,4.6533536911,2571,12:07:24
-74.0823135376,4.6532964706,2571,12:07:28
-74.0823135376,4.6532964706,2571,12:07:30
-74.0823135376,4.6532964706,2571,12:07:32
-74.0823135376,4.6532964706,2571,12:07:34
-74.082359314,4.6532421112,2571,12:07:38
-74.0823516846,4.6531953812,2569,12:07:46
-74.0823516846,4.6531953812,2569,12:07:48
-74.0823516846,4.6531953812,2569,12:07:50
-74.0823516846,4.6531953812,2569,12:07:54
-74.0823516846,4.6531953812,2569,12:07:56
-74.0823516846,4.6531953812,2569,12:07:58
-74.0823516846,4.6531953812,2569,12:08:00
-74.0823516846,4.6531953812,2569,12:08:02
-74.0823516846,4.6531953812,2569,12:08:04
-74.0823516846,4.6531953812,2569,12:08:06
-74.0823516846,4.6531953812,2569,12:08:08
-74.0823516846,4.6531953812,2569,12:08:10
-74.0823745728,4.653113842,2569,12:09:20
-74.0823974609,4.6530804634,2569,12:09:24
-74.0823974609,4.6530804634,2569,12:09:28
-74.0823974609,4.6530804634,2569,12:09:30
-74.0823974609,4.6530804634,2569,12:09:32
-74.0823364258,4.6531825066,2572,12:10:06
-74.0823059082,4.6532373428,2572,12:10:08
-74.0823059082,4.6532373428,2572,12:10:10
-74.0823059082,4.6532373428,2572,12:10:12
-74.0823059082,4.6532373428,2572,12:10:26
-74.0820388794,4.6533355713,2572,12:11:27
-74.0818939209,4.6533837318,2572,12:11:29
-74.0818099976,4.65340662,2572,12:11:31
-74.0817565918,4.6534175873,2573,12:11:33
-74.0817565918,4.6534175873,2573,12:11:37
-74.081703186,4.653418541,2573,12:11:39
-74.0816574097,4.6534152031,2573,12:11:45
-74.0816574097,4.6534152031,2573,12:11:47
-74.0816574097,4.6534152031,2573,12:11:49
-74.0816574097,4.6534152031,2573,12:11:51
-74.0816574097,4.6534152031,2573,12:11:53
-74.0815582275,4.6534223557,2574,12:11:57
-74.0814971924,4.6534204483,2574,12:11:59
-74.0814437866,4.6534118652,2574,12:12:03
-74.0813903809,4.6534075737,2574,12:12:07
-74.0813903809,4.6534075737,2574,12:12:12
-74.0813369751,4.6534004211,2574,12:12:16
-74.0812911987,4.653400898,2575,12:12:20
-74.0812911987,4.653400898,2575,12:12:24
-74.0812911987,4.653400898,2575,12:12:26
-74.0812911987,4.653400898,2575,12:12:28
-74.0812911987,4.653400898,2575,12:12:31
-74.0812911987,4.653400898,2575,12:12:33
-74.0812072754,4.6534371376,2575,12:12:37
-74.081161499,4.6534628868,2575,12:12:39
-74.0811309814,4.6534943581,2575,12:12:43
-74.0811309814,4.6534943581,2575,12:12:45
-74.0811309814,4.6534943581,2575,12:12:47
-74.0811309814,4.6534943581,2575,12:12:49
-74.0811309814,4.6534943581,2575,12:12:51
-74.0811309814,4.6534943581,2575,12:12:53
-74.0811157227,4.653594017,2575,12:12:57
-74.0811080933,4.6536545753,2575,12:12:59
-74.0811080933,4.6536545753,2575,12:13:01
-74.0811080933,4.6536545753,2575,12:13:03
-74.0811080933,4.6536545753,2575,12:13:05
-74.0811080933,4.6536545753,2575,12:13:07
-74.0811080933,4.6536545753,2575,12:13:09
-74.0811080933,4.6536545753,2575,12:13:11
-74.0811080933,4.6536545753,2575,12:13:13
-74.0810928345,4.6537537575,2571,12:14:28
-74.0810852051,4.6538152695,2571,12:14:32
-74.0810852051,4.6538152695,2571,12:14:33
-74.0810852051,4.6538152695,2571,12:14:35
-74.0810852051,4.6538152695,2571,12:14:37
-74.0810852051,4.6538152695,2571,12:14:39
-74.0811004639,4.6537604332,2572,12:15:03
-74.0811004639,4.6537604332,2572,12:15:11
-74.0811004639,4.6537604332,2572,12:15:13
-74.0811004639,4.6537604332,2572,12:15:15
-74.0810317993,4.6537661552,2573,12:15:17
-74.0809783936,4.6537685394,2574,12:15:19
-74.080909729,4.6537694931,2574,12:15:23
-74.080909729,4.6537694931,2574,12:15:27
-74.080909729,4.6537694931,2574,12:15:29
-74.080909729,4.6537694931,2574,12:15:31
-74.080909729,4.6537694931,2574,12:15:39
-74.080909729,4.6537694931,2574,12:15:43
-74.0808181763,4.6538558006,2575,12:15:47
-74.0808181763,4.6538558006,2575,12:15:49
-74.0807571411,4.6539311409,2576,12:15:53
-74.0807266235,4.6539769173,2576,12:15:55
-74.080696106,4.6540198326,2576,12:15:59
-74.080657959,4.6540594101,2576,12:16:03
-74.080619812,4.6540937424,2576,12:16:07
-74.080619812,4.6540937424,2576,12:16:11
-74.080619812,4.6540937424,2576,12:16:13
-74.080619812,4.6540937424,2576,12:16:15
-74.080619812,4.6540937424,2576,12:16:17
-74.0805282593,4.6542191505,2572,12:17:05
-74.0804672241,4.6542882919,2572,12:17:07
-74.0804367065,4.6543307304,2572,12:17:09
-74.0804138184,4.6543669701,2572,12:17:13
-74.0804138184,4.6543669701,2572,12:17:15
-74.0804138184,4.6543669701,2572,12:17:17
-74.0804138184,4.6543669701,2572,12:17:19
-74.0804138184,4.6543669701,2572,12:17:21
-74.0804138184,4.6543669701,2572,12:17:23
-74.0804138184,4.6543669701,2572,12:17:25
-74.0804138184,4.6543669701,2572,12:17:27
-74.0804138184,4.6543669701,2572,12:17:29
-74.0804138184,4.6543669701,2572,12:17:31
-74.0803451538,4.6545381546,2574,12:20:00
-74.0803146362,4.654630661,2574,12:20:02
-74.0803146362,4.654630661,2574,12:20:04
-74.0803146362,4.654630661,2574,12:20:06
-74.0803146362,4.654630661,2574,12:20:08
-74.0803146362,4.654630661,2574,12:20:10
-74.0803146362,4.654630661,2574,12:20:12
-74.0803146362,4.654630661,2574,12:20:14
-74.0803146362,4.654630661,2574,12:20:22
-74.0802307129,4.6547627449,2575,12:20:24
-74.0801773071,4.654835701,2575,12:20:26
-74.0801467896,4.6548814774,2574,12:20:28
-74.0801467896,4.6548814774,2574,12:20:32
-74.0801467896,4.6548814774,2574,12:20:34
-74.0801086426,4.6549329758,2575,12:20:39
-74.0801086426,4.6549329758,2575,12:20:41
-74.0800628662,4.654999733,2575,12:20:47
-74.080039978,4.6550426483,2575,12:20:49
-74.080039978,4.6550426483,2575,12:20:51
-74.080039978,4.6550426483,2575,12:20:53
-74.0800094604,4.6550898552,2575,12:20:57
-74.0799789429,4.6551251411,2575,12:21:01
-74.0799789429,4.6551251411,2575,12:21:04
-74.0799789429,4.6551251411,2575,12:21:05
-74.0799789429,4.6551251411,2575,12:21:07
-74.0799789429,4.6551251411,2575,12:21:09
-74.0799484253,4.6551861763,2573,12:21:11
-74.0799255371,4.6552391052,2573,12:21:13
-74.0799026489,4.6552901268,2573,12:21:17
-74.0798873901,4.6553411484,2573,12:21:21
-74.0798797607,4.6553974152,2573,12:21:25
-74.079864502,4.6554455757,2573,12:21:29
-74.079864502,4.6554455757,2573,12:21:31
-74.079864502,4.6555023193,2573,12:21:33
-74.079864502,4.6555023193,2573,12:21:35
-74.079864502,4.6555023193,2573,12:21:37
-74.0798950195,4.6555833817,2574,12:21:43
-74.0798950195,4.6555833817,2574,12:21:45
-74.0798950195,4.6555833817,2574,12:21:47
-74.0798950195,4.6555833817,2574,12:21:49
-74.0798950195,4.6555833817,2574,12:21:51
-74.0798950195,4.6555833817,2574,12:21:53
-74.0798950195,4.6555833817,2574,12:21:55
-74.0798950195,4.6555833817,2574,12:21:57
-74.0798950195,4.6555833817,2574,12:21:59
-74.0799942017,4.6556897163,2573,12:22:07
-74.0799942017,4.6556897163,2573,12:22:08
-74.0799942017,4.6556897163,2573,12:22:10
-74.0799942017,4.6556897163,2573,12:22:14
-74.0799942017,4.6556897163,2573,12:22:16
-74.0799942017,4.6556897163,2573,12:22:18
-74.080116272,4.6557807922,2572,12:22:43
-74.0801925659,4.6558289528,2572,12:22:45
-74.0802383423,4.6558561325,2572,12:22:47
-74.0802383423,4.6558561325,2572,12:22:51
-74.0802383423,4.6558561325,2572,12:22:53
-74.0802383423,4.6558561325,2572,12:22:55
-74.0802383423,4.6558561325,2572,12:22:57
-74.0802383423,4.6558561325,2572,12:22:59
-74.0802383423,4.6558561325,2572,12:23:03
-74.0803451538,4.6559009552,2569,12:23:39
-74.0803985596,4.6559300423,2569,12:23:41
-74.0804519653,4.6559548378,2569,12:23:45
-74.0804519653,4.6559548378,2569,12:23:47
-74.0804519653,4.6559548378,2569,12:23:49
-74.0804519653,4.6559548378,2569,12:23:51
-74.0804519653,4.6559548378,2569,12:23:53
-74.0804519653,4.6559548378,2569,12:23:55
-74.0804519653,4.6559548378,2569,12:23:57
-74.0804519653,4.6559548378,2569,12:23:59
-74.0804519653,4.6559548378,2569,12:24:01
-74.0804519653,4.6559548378,2569,12:24:03
-74.0804519653,4.6559548378,2569,12:24:05
-74.0804519653,4.6559548378,2569,12:24:07
-74.0804519653,4.6559548378,2569,12:24:09
-74.0804519653,4.6559548378,2569,12:24:11
-74.0804519653,4.6559548378,2569,12:24:13
-74.0804519653,4.6559548378,2569,12:24:15
-74.0804519653,4.6559548378,2569,12:24:19
-74.0806121826,4.6560564041,2569,12:24:23
-74.0807037354,4.6560993195,2569,12:24:25
-74.0807495117,4.6561150551,2569,12:24:27
-74.0808105469,4.6561179161,2569,12:24:32
-74.0808563232,4.6561121941,2570,12:24:36
-74.0808563232,4.6561121941,2570,12:24:40
-74.0808563232,4.6561121941,2570,12:24:42
-74.0808563232,4.6561121941,2570,12:24:44
-74.080947876,4.6560788155,2570,12:24:50
-74.0810012817,4.6560502052,2570,12:24:52
-74.0810012817,4.6560502052,2570,12:24:56
-74.0810012817,4.6560502052,2570,12:24:58
-74.0810012817,4.6560502052,2570,12:25:00
-74.0810012817,4.6560502052,2570,12:25:02
-74.0810012817,4.6560502052,2570,12:25:04
-74.0810012817,4.6560502052,2570,12:25:06
-74.0810775757,4.6559624672,2570,12:25:10
-74.0811233521,4.6559052467,2570,12:25:12
-74.0811462402,4.6558694839,2570,12:25:14
-74.0811843872,4.6558365822,2570,12:25:20
-74.0811843872,4.6558365822,2570,12:25:22
-74.0811843872,4.6558365822,2570,12:25:24
-74.0811843872,4.6558365822,2570,12:25:26
-74.0811843872,4.6558365822,2570,12:25:28
-74.0811843872,4.6558365822,2570,12:25:30
-74.0811843872,4.6558365822,2570,12:25:32
-74.0811843872,4.6558365822,2570,12:25:34
-74.0813293457,4.6557793617,2571,12:25:50
-74.081413269,4.6557545662,2571,12:25:52
-74.0814590454,4.6557478905,2571,12:25:54
-74.0815124512,4.6557507515,2571,12:26:00
-74.0815124512,4.6557507515,2571,12:26:02
-74.0815124512,4.6557507515,2571,12:26:04
-74.0815124512,4.6557507515,2571,12:26:06
-74.0815887451,4.6557664871,2572,12:26:10
-74.0816421509,4.6557798386,2572,12:26:12
-74.0816955566,4.6557917595,2572,12:26:16
-74.081741333,4.6558017731,2573,12:26:22
-74.0818023682,4.6558012962,2572,12:26:28
-74.0818481445,4.6557950974,2573,12:26:32
-74.0818481445,4.6557950974,2573,12:26:34
-74.0818481445,4.6557950974,2573,12:26:36
-74.0818481445,4.6557950974,2573,12:26:38
-74.0818481445,4.6557950974,2573,12:26:40
-74.0818481445,4.6557950974,2573,12:26:46
-74.0818481445,4.6557950974,2573,12:26:48
-74.0819549561,4.6557221413,2574,12:26:52
-74.0820083618,4.6556735039,2574,12:26:54
-74.0820465088,4.6556429863,2574,12:26:56
-74.0820465088,4.6556429863,2574,12:26:58
-74.0820465088,4.6556429863,2574,12:27:00
-74.0820465088,4.6556429863,2574,12:27:02
-74.0820465088,4.6556429863,2574,12:27:04
-74.0820465088,4.6556429863,2574,12:27:06
-74.0820465088,4.6556429863,2574,12:27:08
-74.0820465088,4.6556429863,2574,12:27:10
-74.0820465088,4.6556429863,2574,12:27:12
-74.0821304321,4.6555466652,2574,12:27:16
-74.0821685791,4.6554875374,2574,12:27:18
-74.0821990967,4.6554470062,2574,12:27:20
-74.0822296143,4.6554098129,2574,12:27:24
-74.0822601318,4.6553659439,2574,12:27:29
-74.0822601318,4.6553659439,2574,12:27:31
-74.0822601318,4.6553659439,2574,12:27:33
-74.0822601318,4.6553659439,2574,12:27:35
-74.0822601318,4.6553659439,2574,12:27:37
-74.0822601318,4.6553659439,2574,12:27:39
-74.0822601318,4.6553659439,2574,12:27:41
-74.0823287964,4.6552658081,2574,12:27:45
-74.082359314,4.6552057266,2574,12:27:47
-74.0823822021,4.6551651955,2574,12:27:49
-74.0824050903,4.6551218033,2574,12:27:53
-74.0824279785,4.6550807953,2573,12:27:57
-74.0824279785,4.6550807953,2573,12:27:59
-74.0824279785,4.6550807953,2573,12:28:01
-74.0824279785,4.6550807953,2573,12:28:03
-74.0824279785,4.6550807953,2573,12:28:05
-74.0824279785,4.6550807953,2573,12:28:07
-74.0824279785,4.6550807953,2573,12:28:09
-74.0824279785,4.6550807953,2573,12:28:11
-74.0824661255,4.6549706459,2573,12:28:15
-74.0824890137,4.6549034119,2573,12:28:17
-74.0825042725,4.6548600197,2573,12:28:19
-74.0825042725,4.6548600197,2573,12:28:23
-74.0825042725,4.6548600197,2573,12:28:25
-74.0825271606,4.6547956467,2573,12:28:27
-74.0825500488,4.6547465324,2573,12:28:29
-74.0825653076,4.6547002792,2573,12:28:33
-74.082572937,4.6546535492,2573,12:28:37
-74.082572937,4.6546535492,2573,12:28:39
-74.082572937,4.6546535492,2573,12:28:41
-74.082572937,4.6546535492,2573,12:28:43
-74.082572937,4.6546535492,2573,12:28:45
-74.082572937,4.6546535492,2573,12:28:47
-74.0825881958,4.6545524597,2572,12:28:49
-74.0826034546,4.6544857025,2572,12:28:51
-74.0826187134,4.6544446945,2572,12:28:53
-74.0826187134,4.6544446945,2572,12:28:55
-74.0826187134,4.6544446945,2572,12:28:57
-74.0826187134,4.6544446945,2572,12:28:59
-74.0826187134,4.6544446945,2572,12:29:01
-74.0826187134,4.6544446945,2572,12:29:03
-74.0826187134,4.6544446945,2572,12:29:05
-74.0826187134,4.6544446945,2572,12:29:07
-74.0826187134,4.6544446945,2572,12:29:09
-74.082649231,4.654355526,2572,12:29:13
-74.0826797485,4.6543107033,2572,12:29:15
-74.0826797485,4.6543107033,2572,12:29:17
-74.0826797485,4.6543107033,2572,12:29:19
-74.0826797485,4.6543107033,2572,12:29:21
-74.0826797485,4.6543107033,2572,12:29:23
-74.0826797485,4.6543107033,2572,12:29:25
-74.0826263428,4.6542963982,2572,12:31:09
-74.0826263428,4.6542963982,2572,12:31:11
-74.0826263428,4.6542963982,2572,12:31:13
-74.0826263428,4.6542963982,2572,12:31:16
-74.0826263428,4.6542963982,2572,12:31:18
-74.0825881958,4.6542096138,2572,12:31:20
-74.082572937,4.654156208,2572,12:31:22
-74.0825500488,4.6541004181,2573,12:31:26
-74.0825271606,4.6540532112,2574,12:31:30
-74.0825271606,4.6540532112,2574,12:31:32
-74.0825042725,4.6540045738,2575,12:31:34
-74.0825042725,4.6540045738,2575,12:31:40
-74.0825042725,4.6540045738,2575,12:31:42
-74.0825042725,4.6540045738,2575,12:31:44
-74.0825042725,4.6540045738,2575,12:31:46
-74.0824966431,4.6538958549,2577,12:31:52
-74.0824966431,4.6538958549,2577,12:31:54
-74.0824966431,4.6538958549,2577,12:31:56
-74.0824966431,4.6538958549,2577,12:31:58
-74.0824966431,4.6538958549,2577,12:32:00
-74.0824966431,4.6538958549,2577,12:32:04
-74.0824966431,4.6538958549,2577,12:32:08
-74.0824966431,4.6538958549,2577,12:32:10
-74.0824966431,4.6538958549,2577,12:32:15
-74.0825119019,4.6539402008,2576,12:32:40
-74.08253479,4.6539916992,2576,12:32:46
-74.0825576782,4.6540369987,2576,12:32:50
-74.0825805664,4.6540851593,2576,12:32:56
-74.0825805664,4.6540851593,2576,12:32:58
-74.0825805664,4.6540851593,2576,12:33:00
-74.0825805664,4.6540851593,2576,12:33:02
-74.0825805664,4.6540851593,2576,12:33:04
-74.0825805664,4.6540851593,2576,12:33:06
-74.0825805664,4.6540851593,2576,12:33:08
-74.082611084,4.6541857719,2577,12:33:14
-74.082611084,4.6541857719,2577,12:33:16
-74.082611084,4.6541857719,2577,12:33:18
-74.082611084,4.6541857719,2577,12:33:20
-74.082611084,4.6541857719,2577,12:33:22
-74.082611084,4.6541857719,2577,12:33:24
-74.082611084,4.6541857719,2577,12:33:26
-74.0825958252,4.6541228294,2576,12:34:14
-74.0825958252,4.6541228294,2576,12:34:15
-74.0825805664,4.6540489197,2576,12:34:22
-74.082572937,4.654001236,2575,12:34:23
-74.0825576782,4.6539511681,2574,12:34:29
-74.0825576782,4.6539511681,2574,12:34:31
-74.0825576782,4.6539511681,2574,12:34:33
-74.0825576782,4.6539511681,2574,12:34:35
-74.0825576782,4.6539511681,2574,12:34:37
-74.0825576782,4.6539511681,2574,12:34:39
-74.0825576782,4.6539511681,2574,12:34:41
-74.0825576782,4.6539511681,2574,12:34:43
-74.0825576782,4.6539511681,2574,12:34:45
-74.0825576782,4.6539511681,2574,12:34:47
-74.0825576782,4.6539511681,2574,12:34:49
-74.0825576782,4.6539511681,2574,12:34:51
-74.0825576782,4.6539511681,2574,12:34:53
-74.0825576782,4.6539511681,2574,12:34:55
-74.08253479,4.6538219452,2573,12:34:57
-74.0825195313,4.6537485123,2573,12:34:59
-74.0825042725,4.6537036896,2572,12:35:01
-74.0824890137,4.6536602974,2572,12:35:07
-74.0824890137,4.6536602974,2572,12:35:09
-74.0824890137,4.6536602974,2572,12:35:11
-74.0824890137,4.6536602974,2572,12:35:13
-74.0824890137,4.6536602974,2572,12:35:15
-74.0824890137,4.6536602974,2572,12:35:17
-74.0824890137,4.6536602974,2572,12:35:19
-74.0824890137,4.6536602974,2572,12:35:21
-74.0824890137,4.6536602974,2572,12:35:23
-74.0824890137,4.6536602974,2572,12:35:25
-74.0823745728,4.6535081863,2571,12:35:58
-74.0823135376,4.6534252167,2571,12:36:00
-74.0823059082,4.6533517838,2570,12:36:04
-74.0823059082,4.6533517838,2570,12:36:06
-74.0823059082,4.6533517838,2570,12:36:08
-74.0823059082,4.6533517838,2570,12:36:10
-74.082321167,4.6532735825,2569,12:36:12
-74.082321167,4.6532735825,2569,12:36:14
-74.082321167,4.6532735825,2569,12:36:40
-74.082321167,4.6532735825,2569,12:36:42
-74.0821609497,4.6530604362,2570,12:37:48
-74.0820617676,4.6529521942,2570,12:37:50
-74.0819778442,4.6528973579,2571,12:37:52
-74.0819091797,4.652867794,2571,12:37:54
-74.0818252563,4.652844429,2572,12:37:58
-74.081741333,4.6528306007,2572,12:38:02
-74.0816726685,4.652818203,2571,12:38:04
-74.0815887451,4.6528029442,2571,12:38:08
-74.08152771,4.6527953148,2571,12:38:10
-74.08152771,4.6527953148,2571,12:38:12
-74.08152771,4.6527953148,2571,12:38:14
-74.08152771,4.6527953148,2571,12:38:16
-74.08152771,4.6527953148,2571,12:38:18
-74.08152771,4.6527953148,2571,12:38:20
-74.08152771,4.6527953148,2571,12:38:22
-74.0813064575,4.6527805328,2570,12:38:30
-74.0811767578,4.6527714729,2570,12:38:32
-74.0810775757,4.652759552,2570,12:38:34
-74.0810165405,4.6527457237,2569,12:38:36
-74.0809707642,4.6527061462,2570,12:38:40
-74.080947876,4.6526479721,2570,12:38:44
-74.0809402466,4.6525950432,2571,12:38:46
-74.0809326172,4.6525449753,2571,12:38:48
-74.0809173584,4.652493,2571,12:38:50
-74.0809020996,4.6524291039,2571,12:38:54
-74.0808792114,4.6523742676,2572,12:38:56
-74.080871582,4.6523246765,2572,12:38:58
-74.080871582,4.6522774696,2572,12:39:00
-74.080871582,4.6522183418,2572,12:39:04
-74.080871582,4.6521720886,2573,12:39:06
-74.080871582,4.6521720886,2573,12:39:08
-74.080871582,4.6521720886,2573,12:39:10
-74.080871582,4.6521720886,2573,12:39:12
-74.080871582,4.6521720886,2573,12:39:14
-74.080909729,4.6520409584,2574,12:39:29
-74.0809326172,4.6519465446,2573,12:39:31
-74.0809326172,4.651881218,2573,12:39:33
-74.0809326172,4.651881218,2573,12:39:39
-74.0809326172,4.651881218,2573,12:39:41
-74.0809326172,4.651881218,2573,12:39:43
-74.0809326172,4.651881218,2573,12:39:45
-74.080909729,4.651781559,2572,12:39:49
-74.0808944702,4.6516947746,2572,12:39:51
-74.0808868408,4.6516094208,2572,12:39:53
-74.0808792114,4.6515426636,2572,12:39:55
-74.0808792114,4.6514463425,2572,12:39:59
-74.0808792114,4.6513762474,2571,12:40:01
-74.0808792114,4.6513032913,2572,12:40:03
-74.0808792114,4.6512084007,2571,12:40:07
-74.0808792114,4.6511311531,2572,12:40:09
-74.0808792114,4.6510710716,2572,12:40:11
-74.080871582,4.6510038376,2571,12:40:15
-74.0808639526,4.6509513855,2571,12:40:17
-74.0808639526,4.6509513855,2571,12:40:19
-74.0808639526,4.6509513855,2571,12:40:21
-74.0808639526,4.6509513855,2571,12:40:23
-74.0808639526,4.6509513855,2571,12:40:25
-74.0808639526,4.6509513855,2571,12:40:27
-74.0808639526,4.6509513855,2571,12:40:29
-74.0808639526,4.6509513855,2571,12:40:31
-74.0808639526,4.6509513855,2571,12:40:33
-74.0808639526,4.6509513855,2571,12:40:35
-74.0808639526,4.6509513855,2571,12:40:37
-74.0808639526,4.6509513855,2571,12:40:39
-74.0809173584,4.6506066322,2571,12:40:43
-74.080947876,4.650408268,2571,12:40:45
-74.0809707642,4.6502895355,2571,12:40:47
-74.0809860229,4.650197506,2571,12:40:49
-74.0809860229,4.650197506,2571,12:40:51
-74.0809860229,4.650197506,2571,12:40:53
-74.0809860229,4.650197506,2571,12:40:55
-74.0809860229,4.650197506,2571,12:40:57
-74.0809860229,4.650197506,2571,12:41:01
-74.0809860229,4.650197506,2571,12:41:03
-74.0809860229,4.650197506,2571,12:41:05
-74.0810012817,4.6499848366,2572,12:41:18
-74.0810089111,4.6498513222,2572,12:41:20
-74.0810012817,4.6497592926,2572,12:41:22
-74.0810012817,4.649684906,2572,12:41:24
-74.0809936523,4.6496191025,2573,12:41:26
-74.0810012817,4.6494884491,2573,12:41:28
-74.0810165405,4.6493587494,2573,12:41:32
-74.0810394287,4.6492643356,2574,12:41:36
-74.0810394287,4.6492643356,2574,12:41:38
-74.0810394287,4.6492643356,2574,12:41:40
-74.0810623169,4.6491045952,2574,12:41:42
-74.0810699463,4.6489706039,2575,12:41:48
-74.0810699463,4.6489706039,2575,12:41:50
-74.0810699463,4.6489706039,2575,12:41:52
-74.0810699463,4.6489706039,2575,12:41:54
-74.0810699463,4.6489706039,2575,12:41:56
-74.0810699463,4.6489706039,2575,12:41:58
-74.0810699463,4.6489706039,2575,12:42:00
-74.0810699463,4.6489706039,2575,12:42:02
-74.0810699463,4.6489706039,2575,12:42:04
-74.0810699463,4.6489706039,2575,12:42:06
-74.0811843872,4.6484274864,2573,12:42:12
-74.081199646,4.6483249664,2572,12:42:16
-74.0812072754,4.6481971741,2572,12:42:20
-74.0812072754,4.6481971741,2572,12:42:24
-74.0812072754,4.6481971741,2572,12:42:26
-74.0812072754,4.6481971741,2572,12:42:28
-74.0812072754,4.6481971741,2572,12:42:30
-74.0812072754,4.6481971741,2572,12:42:32
-74.0812072754,4.6481971741,2572,12:42:34
-74.0812149048,4.6477942467,2572,12:42:38
-74.0812149048,4.6477942467,2572,12:42:40
-74.0812149048,4.6477942467,2572,12:42:42
-74.0812149048,4.6477942467,2572,12:42:44
-74.0812149048,4.6477942467,2572,12:42:46
-74.0812149048,4.6477942467,2572,12:42:48
-74.0812149048,4.6477942467,2572,12:42:50
-74.0812149048,4.6477942467,2572,12:42:52
-74.0812149048,4.6477942467,2572,12:42:54
-74.0812149048,4.6477942467,2572,12:42:56
-74.0812149048,4.6477942467,2572,12:42:58
-74.0812683105,4.6474666595,2569,12:43:04
-74.0813064575,4.6472773552,2569,12:43:06
-74.0813293457,4.6471452713,2569,12:43:08
-74.0813446045,4.6470541954,2569,12:43:10
-74.0813522339,4.6469826698,2569,12:43:12
-74.0813903809,4.6468114853,2569,12:43:16
-74.0813827515,4.6467204094,2569,12:43:20
-74.0813827515,4.6467204094,2569,12:43:22
-74.0813827515,4.6467204094,2569,12:43:24
-74.0813827515,4.6467204094,2569,12:43:26
-74.0813827515,4.6467204094,2569,12:43:28
-74.0813827515,4.6467204094,2569,12:43:30
-74.0813369751,4.6464157104,2569,12:43:34
-74.0813598633,4.646250248,2568,12:43:42
-74.0813598633,4.646250248,2568,12:43:44
-74.0813598633,4.646250248,2568,12:43:46
-74.0813598633,4.646250248,2568,12:43:48
-74.0813598633,4.646250248,2568,12:43:50
-74.0813598633,4.646250248,2568,12:43:52
-74.0813598633,4.646250248,2568,12:43:54
-74.0813598633,4.646250248,2568,12:43:56
-74.0813598633,4.646250248,2568,12:43:58
-74.0813598633,4.646250248,2568,12:44:00
-74.0813751221,4.6456847191,2568,12:44:06
-74.0813827515,4.6455688477,2568,12:44:10
-74.0813751221,4.6454281807,2568,12:44:16
-74.0813751221,4.6454281807,2568,12:44:18
-74.0813980103,4.6452698708,2566,12:44:24
-74.0813980103,4.6451926231,2566,12:44:30
-74.0813980103,4.6451063156,2566,12:44:34
-74.0813980103,4.6450405121,2566,12:44:36
-74.0813980103,4.6449685097,2567,12:44:40
-74.0813980103,4.644900322,2567,12:44:44
-74.0813827515,4.6448421478,2568,12:44:46
-74.0813827515,4.6448421478,2568,12:44:48
-74.0813827515,4.6448421478,2568,12:44:50
-74.0813674927,4.6446957588,2571,12:44:56
-74.0813522339,4.6445941925,2571,12:44:58
-74.0813522339,4.6445116997,2572,12:45:00
-74.0813522339,4.6444363594,2572,12:45:02
-74.0813598633,4.6443510056,2574,12:45:06
-74.0813598633,4.6442875862,2575,12:45:08
-74.0813751221,4.6442127228,2576,12:45:13
-74.0813827515,4.6441569328,2576,12:45:14
-74.0813903809,4.6441044807,2576,12:45:16
-74.0813903809,4.6441044807,2576,12:45:18
-74.0813903809,4.6441044807,2576,12:45:21
-74.0813903809,4.6441044807,2576,12:45:23
-74.0813903809,4.6441044807,2576,12:45:25
-74.0813903809,4.6441044807,2576,12:45:27
-74.0813903809,4.6441044807,2576,12:45:29
-74.0813903809,4.6441044807,2576,12:45:31
-74.0813903809,4.6441044807,2576,12:45:33
-74.0813903809,4.6441044807,2576,12:45:35
-74.0813903809,4.6441044807,2576,12:45:37
-74.0813903809,4.6441044807,2576,12:45:39
-74.0813903809,4.6441044807,2576,12:45:42
-74.0813903809,4.6441044807,2576,12:45:50
-74.0813903809,4.6441044807,2576,12:45:52
-74.0813903809,4.6441044807,2576,12:45:54
-74.0813903809,4.6441044807,2576,12:45:56
-74.0813903809,4.6441044807,2576,12:45:58
-74.0813522339,4.6437139511,2575,12:46:02
-74.0813064575,4.6435260773,2575,12:46:04
-74.0812530518,4.6434249878,2575,12:46:06
-74.0812072754,4.6433730125,2575,12:46:08
-74.081161499,4.6433396339,2575,12:46:10
-74.0810012817,4.6432876587,2575,12:46:16
-74.0808944702,4.6432800293,2575,12:46:22
-74.0807952881,4.6432824135,2575,12:46:26
-74.0806503296,4.6432952881,2576,12:46:32
-74.0806503296,4.6432952881,2576,12:46:41
-74.0806503296,4.6432952881,2576,12:46:44
-74.0806503296,4.6432952881,2576,12:46:46
-74.0802078247,4.6432151794,2582,12:46:51
-74.0802078247,4.6432151794,2582,12:46:55
-74.0802078247,4.6432151794,2582,12:46:57
-74.0802078247,4.6432151794,2582,12:46:59
-74.0802078247,4.6432151794,2582,12:47:01
-74.0798110962,4.6429791451,2579,12:47:05
-74.0796508789,4.6429100037,2578,12:47:13
-74.0795059204,4.6428966522,2577,12:47:19
-74.0795059204,4.6428966522,2577,12:47:23
-74.0795059204,4.6428966522,2577,12:47:25
-74.0795059204,4.6428966522,2577,12:47:27
-74.0795059204,4.6428966522,2577,12:47:32
-74.0795059204,4.6428966522,2577,12:47:34
-74.0795059204,4.6428966522,2577,12:47:36
-74.0794372559,4.6426930428,2575,12:47:38
-74.0794143677,4.6425719261,2575,12:47:40
-74.0793991089,4.6424922943,2574,12:47:42
-74.0794067383,4.6424174309,2574,12:47:46
-74.0794067383,4.6423568726,2574,12:47:48
-74.0794067383,4.6423006058,2574,12:47:50
-74.0794143677,4.6422486305,2574,12:47:52
-74.0794296265,4.6421995163,2573,12:47:54
-74.0794677734,4.6420602798,2574,12:47:58
-74.0794677734,4.6420602798,2574,12:48:00
-74.0794677734,4.6420602798,2574,12:48:02
-74.0794677734,4.6420602798,2574,12:48:04
-74.0794677734,4.6420602798,2574,12:48:06
-74.0794677734,4.6420602798,2574,12:48:08
-74.0794677734,4.6420602798,2574,12:48:10
-74.0794677734,4.6420602798,2574,12:48:16
-74.0794677734,4.6420602798,2574,12:48:18
-74.0794525146,4.6415753365,2575,12:48:22
-74.0794525146,4.641474247,2575,12:48:24
-74.0794525146,4.641474247,2575,12:48:26
-74.0794372559,4.6413502693,2576,12:48:28
-74.0794372559,4.6413502693,2576,12:48:30
-74.0794372559,4.6413502693,2576,12:48:32
-74.0794372559,4.6413502693,2576,12:48:34
-74.0794448853,4.6411428452,2576,12:48:40
-74.0794372559,4.6410527229,2577,12:48:44
-74.0794372559,4.6410527229,2577,12:48:50
-74.0794372559,4.6410527229,2577,12:48:52
-74.0794372559,4.6410527229,2577,12:48:54
-74.0794525146,4.640733242,2578,12:48:58
-74.0794906616,4.640604496,2578,12:49:04
-74.0795135498,4.6404967308,2578,12:49:08
-74.0795135498,4.6404967308,2578,12:49:10
-74.0795135498,4.6404967308,2578,12:49:12
-74.0795135498,4.6404967308,2578,12:49:14
-74.0795135498,4.6404967308,2578,12:49:16
-74.0795135498,4.6404967308,2578,12:49:18
-74.079536438,4.6403360367,2576,12:49:22
-74.0795440674,4.6402335167,2576,12:49:24
-74.0795516968,4.6401586533,2575,12:49:26
-74.0795593262,4.6401019096,2575,12:49:28
-74.0795669556,4.6400494576,2575,12:49:30
-74.079574585,4.6399531364,2575,12:49:32
-74.0796127319,4.6398358345,2574,12:49:38
-74.0796127319,4.6398358345,2574,12:49:40
-74.0796127319,4.6398358345,2574,12:49:42
-74.0796127319,4.6398358345,2574,12:49:44
-74.0796127319,4.6398358345,2574,12:49:46
-74.0796127319,4.6398358345,2574,12:49:48
-74.0796127319,4.6398358345,2574,12:49:50
-74.0796127319,4.6398358345,2574,12:49:52
-74.0796127319,4.6398358345,2574,12:49:54
-74.0796127319,4.6398358345,2574,12:49:56
-74.0796127319,4.6398358345,2574,12:49:58
-74.0796813965,4.6392455101,2575,12:50:02
-74.0796585083,4.6391358376,2575,12:50:06
-74.0796585083,4.6391358376,2575,12:50:08
-74.0796585083,4.6391358376,2575,12:50:10
-74.0796585083,4.6391358376,2575,12:50:12
-74.0796585083,4.6391358376,2575,12:50:14
-74.0796585083,4.6391358376,2575,12:50:16
-74.0796585083,4.6391358376,2575,12:50:18
-74.0796585083,4.6391358376,2575,12:50:20
-74.0796356201,4.6386556625,2573,12:50:24
-74.0796279907,4.6384878159,2573,12:50:30
-74.0796279907,4.6384878159,2573,12:50:32
-74.0796279907,4.6384878159,2573,12:50:34
-74.0796279907,4.6384878159,2573,12:50:36
-74.0796279907,4.6384878159,2573,12:50:38
-74.0796279907,4.6384878159,2573,12:50:40
-74.0796203613,4.6383237839,2572,12:50:45
-74.0796203613,4.638220787,2572,12:50:47
-74.0796127319,4.6381459236,2572,12:50:49
-74.0796127319,4.6380872726,2572,12:50:51
-74.0796203613,4.6380324364,2572,12:50:53
-74.0796356201,4.6379327774,2572,12:50:55
-74.0796432495,4.6378154755,2571,12:50:59
-74.0796432495,4.6378154755,2571,12:51:01
-74.0796432495,4.6378154755,2571,12:51:03
-74.0796661377,4.6376271248,2570,12:51:07
-74.0796813965,4.6374816895,2570,12:51:13
-74.0796813965,4.6374816895,2570,12:51:15
-74.0796813965,4.6374816895,2570,12:51:17
-74.0796813965,4.6374816895,2570,12:51:19
-74.0796813965,4.6374816895,2570,12:51:21
-74.0796813965,4.6374816895,2570,12:51:23
-74.0796813965,4.6374816895,2570,12:51:25
-74.0796813965,4.6374816895,2570,12:51:27
-74.0796813965,4.6374816895,2570,12:51:29
-74.0796813965,4.6374816895,2570,12:51:33
-74.0796813965,4.6374816895,2570,12:51:35
-74.0796813965,4.6374816895,2570,12:51:37
-74.0796813965,4.6374816895,2570,12:51:39
-74.0796813965,4.6374816895,2570,12:51:41
-74.0796279907,4.6367759705,2573,12:51:45
-74.0796356201,4.6366481781,2574,12:51:51
-74.0796356201,4.6366481781,2574,12:51:53
-74.0796356201,4.6366481781,2574,12:51:55
-74.0796356201,4.6364917755,2574,12:51:57
-74.0796585083,4.636390686,2574,12:52:01
-74.0796432495,4.6362652779,2575,12:52:05
-74.0796432495,4.6361684799,2575,12:52:09
-74.0796432495,4.6361684799,2575,12:52:11
-74.0796432495,4.6361684799,2575,12:52:13
-74.0796432495,4.6361684799,2575,12:52:15
-74.0796432495,4.6361684799,2575,12:52:17
-74.0796432495,4.6361684799,2575,12:52:19
-74.0796432495,4.6361684799,2575,12:52:21
-74.0796585083,4.6359667778,2576,12:52:25
-74.0796737671,4.6358456612,2576,12:52:27
-74.0796813965,4.6357622147,2576,12:52:29
-74.0796890259,4.6356949806,2576,12:52:31
-74.0796890259,4.6356124878,2576,12:52:35
-74.0796890259,4.6356124878,2576,12:52:39
-74.0796890259,4.6356124878,2576,12:52:41
-74.0796890259,4.6356124878,2576,12:52:43
-74.0796890259,4.6356124878,2576,12:52:45
-74.0796890259,4.6356124878,2576,12:52:47
-74.0796890259,4.6356124878,2576,12:52:49
-74.0796890259,4.6356124878,2576,12:52:51
-74.0796890259,4.6356124878,2576,12:52:53
-74.0796890259,4.6356124878,2576,12:52:55
-74.0797805786,4.6353173256,2578,12:53:07
-74.0798416138,4.6351675987,2578,12:53:09
-74.0798950195,4.6350774765,2578,12:53:11
-74.0799407959,4.6350207329,2578,12:53:13
-74.0799865723,4.6349797249,2578,12:53:15
-74.0801010132,4.6349143982,2578,12:53:17
-74.0802688599,4.6349039078,2578,12:53:23
-74.0804138184,4.6349473,2577,12:53:29
-74.0805435181,4.6349797249,2577,12:53:37
-74.0805435181,4.6349797249,2577,12:53:39
-74.0805435181,4.6349797249,2577,12:53:41
-74.080696106,4.6349945068,2577,12:53:43
-74.0808410645,4.6350440979,2576,12:53:49
-74.0808410645,4.6350440979,2576,12:53:51
-74.0808410645,4.6350440979,2576,12:53:53
-74.0808410645,4.6350440979,2576,12:53:55
-74.0808410645,4.6350440979,2576,12:53:57
-74.0808410645,4.6350440979,2576,12:53:59
-74.0808410645,4.6350440979,2576,12:54:01
-74.0811004639,4.6349849701,2575,12:54:07
-74.0812149048,4.6348638535,2575,12:54:13
-74.0812149048,4.6348638535,2575,12:54:15
-74.0812530518,4.6347594261,2575,12:54:17
-74.0812988281,4.6346449852,2574,12:54:23
-74.0813293457,4.6345257759,2574,12:54:27
-74.0814056396,4.6344099045,2574,12:54:31
-74.0814666748,4.6342859268,2574,12:54:37
-74.0814666748,4.6342859268,2574,12:54:41
-74.0814666748,4.6342859268,2574,12:54:43
-74.0814666748,4.6342859268,2574,12:54:45
-74.0814666748,4.6342859268,2574,12:54:47
-74.0814666748,4.6342859268,2574,12:54:49
-74.0815353394,4.6341013908,2573,12:54:53
-74.0815811157,4.6339888573,2573,12:54:55
-74.0816116333,4.6339006424,2573,12:54:57
-74.0816345215,4.6338300705,2573,12:54:59
-74.0816802979,4.6337547302,2573,12:55:03
-74.0817184448,4.6337080002,2573,12:55:05
-74.08177948,4.6336603165,2573,12:55:09
-74.0818252563,4.6336154938,2574,12:55:11
-74.0818786621,4.6335668564,2573,12:55:15
-74.0818786621,4.6335668564,2573,12:55:17
-74.0818786621,4.6335668564,2573,12:55:19
-74.0818786621,4.6335668564,2573,12:55:21
-74.0818786621,4.6335668564,2573,12:55:24
-74.0818786621,4.6335668564,2573,12:55:25
-74.0818786621,4.6335668564,2573,12:55:27
-74.0820770264,4.6334238052,2574,12:55:31
-74.0821838379,4.6333456039,2574,12:55:33
-74.0821838379,4.6333456039,2574,12:55:35
-74.0822982788,4.6332745552,2574,12:55:43
-74.082359314,4.6332354546,2574,12:55:45
-74.082359314,4.6332354546,2574,12:55:47
-74.082359314,4.6332354546,2574,12:55:49
-74.082359314,4.6332354546,2574,12:55:51
-74.082359314,4.6332354546,2574,12:55:53
-74.082359314,4.6332354546,2574,12:55:55
-74.082359314,4.6332354546,2574,12:55:57
-74.082359314,4.6332354546,2574,12:55:59
-74.082359314,4.6332354546,2574,12:56:01
-74.082359314,4.6332354546,2574,12:56:03
-74.082359314,4.6332354546,2574,12:56:05
-74.082359314,4.6332354546,2574,12:56:07
-74.082359314,4.6332354546,2574,12:56:09
-74.082359314,4.6332354546,2574,12:56:11
-74.082359314,4.6332354546,2574,12:56:13
-74.082359314,4.6332354546,2574,12:56:15
-74.082359314,4.6332354546,2574,12:56:17
-74.082359314,4.6332354546,2574,12:56:19
-74.082359314,4.6332354546,2574,12:56:21
-74.0825958252,4.6330795288,2580,12:56:27
-74.0827255249,4.6329965591,2580,12:56:29
-74.0827941895,4.6329512596,2580,12:56:31
-74.0828399658,4.6329221725,2580,12:56:33
-74.0828399658,4.6329221725,2580,12:56:35
-74.0828399658,4.6329221725,2580,12:56:37
-74.0828399658,4.6329221725,2580,12:56:39
-74.0829238892,4.6328754425,2581,12:56:45
-74.0829772949,4.6328501701,2581,12:56:47
-74.0830230713,4.6328415871,2582,12:56:51
-74.0830230713,4.6328415871,2582,12:56:53
-74.0830230713,4.6328415871,2582,12:56:55
-74.0830230713,4.6328415871,2582,12:56:57
-74.0831222534,4.6328339577,2582,12:57:01
-74.0831832886,4.6328277588,2583,12:57:03
-74.0832290649,4.6328253746,2583,12:57:05
-74.0832748413,4.6328372955,2583,12:57:09
-74.0833206177,4.6328544617,2583,12:57:13
-74.0833206177,4.6328544617,2583,12:57:15
-74.0833206177,4.6328544617,2583,12:57:17
-74.0833206177,4.6328544617,2583,12:57:19
-74.0833206177,4.6328544617,2583,12:57:21
-74.0833206177,4.6328544617,2583,12:57:23
-74.0834121704,4.6329007149,2584,12:57:27
-74.0834655762,4.6329255104,2584,12:57:29
-74.0835189819,4.632938385,2584,12:57:33
-74.0835647583,4.6329507828,2584,12:57:37
-74.0836105347,4.632958889,2583,12:57:43
-74.0836105347,4.632958889,2583,12:57:45
-74.0836105347,4.632958889,2583,12:57:47
-74.0836105347,4.632958889,2583,12:57:49
-74.0836105347,4.632958889,2583,12:57:51
-74.0836868286,4.6329407692,2582,12:57:55
-74.0837249756,4.6329231262,2582,12:57:59
-74.0837249756,4.6329231262,2582,12:58:01
-74.0837631226,4.6329021454,2582,12:58:03
-74.0837631226,4.6329021454,2582,12:58:05
-74.0837631226,4.6329021454,2582,12:58:07
-74.0837631226,4.6329021454,2582,12:58:09
-74.0837631226,4.6329021454,2582,12:58:11
-74.0837631226,4.6329021454,2582,12:58:13
-74.0837631226,4.6329021454,2582,12:58:15
-74.0837631226,4.6329021454,2582,12:58:17
-74.0838241577,4.6327881813,2581,12:58:21
-74.0838546753,4.6327180862,2581,12:58:23
-74.0838699341,4.6326732635,2581,12:58:25
-74.0838851929,4.6326255798,2580,12:58:29
-74.0838851929,4.6326255798,2580,12:58:31
-74.0838851929,4.6326255798,2580,12:58:33
-74.0838851929,4.6326255798,2580,12:58:35
-74.0838851929,4.6326255798,2580,12:58:37
-74.0838851929,4.6326255798,2580,12:58:39
-74.0838851929,4.6326255798,2580,12:58:41
-74.0838851929,4.6326255798,2580,12:58:43
-74.0838851929,4.6326255798,2580,12:58:45
-74.0838851929,4.6326255798,2580,12:58:47
-74.0838851929,4.6326255798,2580,12:58:49
-74.0838851929,4.6326255798,2580,12:58:51
-74.0838851929,4.6326255798,2580,12:58:53
-74.0838851929,4.6326255798,2580,12:58:55
-74.0838851929,4.6326255798,2580,12:58:57
-74.0838851929,4.6326255798,2580,12:58:59
-74.0839614868,4.6324663162,2580,12:59:03
-74.0839920044,4.632373333,2580,12:59:05
-74.0839996338,4.6323156357,2580,12:59:07
-74.0839996338,4.6322636604,2580,12:59:11
-74.0840606689,4.632273674,2580,12:59:21
-74.0841140747,4.6322922707,2581,12:59:25
-74.0841140747,4.6322922707,2581,12:59:27
-74.0841140747,4.6322922707,2581,12:59:29
-74.0841140747,4.6322922707,2581,12:59:31
-74.0841140747,4.6322922707,2581,12:59:33
-74.0841140747,4.6322922707,2581,12:59:35
-74.0841140747,4.6322922707,2581,12:59:37
-74.084236145,4.6323623657,2583,12:59:43
-74.0843048096,4.63240242,2583,12:59:45
-74.0843048096,4.63240242,2583,12:59:49
-74.0843048096,4.63240242,2583,12:59:51
-74.0843048096,4.63240242,2583,12:59:53
-74.0842590332,4.632335186,2585,13:00:13
-74.0842285156,4.6322960854,2585,13:00:14
-74.0842285156,4.6322960854,2585,13:00:16
-74.0842285156,4.6322960854,2585,13:00:18
-74.0842285156,4.6322960854,2585,13:00:19
